Host ID,Latitude,Longitude,Neighbourhood,Room Type,Bedrooms,Price,Number Reviews,Last Review,Review Scores
513802168,-34.60211,-58.40672,Balvanera,Entire home/apt,1.0,"$86,113.00",0,,
97542159,-34.60193,-58.37777,San Nicolas,Entire home/apt,1.0,"$69,519.86",56,2026-03-02,4.73
14450833,-34.58292,-58.42373,Palermo,Entire home/apt,2.0,"$278,114.00",13,2026-07-08,4.92
49480723,-34.58586,-58.42258,Palermo,Entire home/apt,2.0,"$190,948.00",12,2026-06-06,4.42
50664146,-34.6093956,-58.4370372,Caballito,Entire home/apt,,"$64,083.00",0,,
307608498,-34.5900827,-58.44910830000001,Chacarita,Entire home/apt,1.0,"$129,131.92",0,,
128421283,-34.55591,-58.44935,Belgrano,Entire home/apt,1.0,"$86,914.50",9,2026-07-06,4.89
4143666,-34.59852,-58.4305,Villa Crespo,Entire home/apt,,"$84,956.67",81,2026-06-01,4.77
80890872,-34.6039611,-58.3631782,Puerto Madero,Entire home/apt,1.0,"$431,780.00",46,2026-02-18,4.89
223090201,-34.59519,-58.41477,Recoleta,Entire home/apt,1.0,"$89,714.33",58,2026-06-01,4.71
21657254,-34.5834,-58.41651,Palermo,Entire home/apt,2.0,"$185,762.10",7,2026-07-05,4.86
306039178,-34.58716,-58.40043,Recoleta,Entire home/apt,1.0,"$64,072.20",10,2026-04-04,4.6
440348398,-34.59677,-58.42671,Villa Crespo,Entire home/apt,1.0,"$51,766.00",0,,
3990486,-34.6252,-58.37031,San Telmo,Entire home/apt,1.0,"$50,881.67",42,2025-12-06,4.8
443015003,-34.59442,-58.38795,Recoleta,Entire home/apt,5.0,"$604,879.00",164,2026-07-05,4.87
206979217,-34.58317,-58.40003,Palermo,Entire home/apt,3.0,"$78,862.24",84,2020-03-15,4.7
40223501,-34.59118,-58.43598,Villa Crespo,Entire home/apt,1.0,"$104,222.75",2,2026-03-28,5.0
231282453,-34.59542,-58.43971,Villa Crespo,Entire home/apt,1.0,"$94,838.00",5,2023-09-07,4.8
210147055,-34.5902515,-58.4467909,Chacarita,Entire home/apt,,"$128,046.00",53,2026-07-12,4.77
7617724,-34.6176,-58.38119,Monserrat,Private room,,"$52,112.00",4,2026-05-14,3.5
27748548,-34.59517,-58.41868,Palermo,Entire home/apt,1.0,"$102,379.00",51,2021-12-20,5.0
161137340,-34.59332,-58.41433,Palermo,Entire home/apt,1.0,"$59,722.80",0,,
108033282,-34.58913,-58.42942,Palermo,Entire home/apt,1.0,"$83,571.90",20,2020-05-02,4.3
399571000,-34.59073081214932,-58.42896960675717,Palermo,Entire home/apt,1.0,"$160,801.00",112,2026-07-21,4.79
11483615,-34.59728,-58.41213,Recoleta,Entire home/apt,1.0,"$93,279.50",51,2026-03-27,4.88
283631599,-34.58771,-58.42765,Palermo,Entire home/apt,2.0,"$184,662.00",64,2026-07-03,4.97
454101608,-34.60126134813517,-58.37473910370484,San Nicolas,Entire home/apt,1.0,"$156,985.00",70,2026-07-21,4.97
2016724,-34.59489,-58.41185,Recoleta,Entire home/apt,1.0,"$120,865.00",231,2026-07-22,4.92
7986525,-34.57857,-58.43256,Palermo,Entire home/apt,1.0,"$98,460.52",2,2026-03-24,4.5
91936,-34.61526,-58.38118,Monserrat,Entire home/apt,1.0,"$78,911.50",47,2025-03-02,4.77
100711432,-34.59827,-58.4192,Almagro,Entire home/apt,1.0,"$155,007.00",12,2023-02-23,5.0
547380161,-34.58607,-58.43888,Palermo,Entire home/apt,1.0,"$174,444.33",3,2026-06-01,3.67
55553719,-34.558631896972656,-58.445777893066406,Belgrano,Entire home/apt,,"$127,431.80",9,2025-01-05,4.78
992038,-34.5879,-58.42107,Palermo,Entire home/apt,1.0,"$90,574.67",68,2026-07-20,4.97
564436913,-34.5907,-58.42631,Palermo,Entire home/apt,1.0,"$164,626.00",0,,
16508912,-34.58653615323177,-58.47736011904906,Parque Chas,Entire home/apt,1.0,"$115,186.00",5,2026-01-28,5.0
317088106,-34.57572,-58.48611,Villa Urquiza,Entire home/apt,2.0,"$110,447.00",36,2023-11-27,4.86
388139046,-34.5831148,-58.4244406,Palermo,Entire home/apt,1.0,"$89,714.14",62,2026-06-29,4.6
11144783,-34.58067,-58.49262,Villa Urquiza,Entire home/apt,2.0,"$123,116.20",4,2026-02-20,3.75
1021694,-34.59432,-58.3841,Retiro,Entire home/apt,1.0,,6,2026-04-04,4.0
304117504,-34.58237,-58.41254,Palermo,Entire home/apt,2.0,"$129,327.00",90,2026-04-07,4.87
37185741,-34.58853,-58.3953,Recoleta,Entire home/apt,2.0,"$171,224.00",0,,
341807357,-34.5973265,-58.4005714,Recoleta,Entire home/apt,2.0,"$182,389.73",5,2026-07-17,4.8
99273169,-34.59505,-58.38595,Retiro,Entire home/apt,1.0,"$102,424.00",22,2026-05-10,4.68
35209647,-34.6622256,-58.47016430000001,Villa Lugano,Entire home/apt,2.0,"$59,488.00",4,2026-06-19,4.25
87154974,-34.5959,-58.40982,Recoleta,Entire home/apt,,"$88,717.33",209,2026-07-15,5.0
217938783,-34.5791,-58.41299,Palermo,Entire home/apt,1.0,"$147,655.00",121,2026-07-20,4.95
4256120,-34.58905,-58.40108,Recoleta,Entire home/apt,1.0,"$101,945.00",4,2026-05-03,5.0
180153507,-34.58335,-58.42421,Palermo,Entire home/apt,1.0,"$98,117.50",189,2026-07-07,4.9
60886570,-34.58329974641789,-58.40447936207056,Palermo,Entire home/apt,1.0,"$177,292.29",4,2026-04-21,4.5
68937827,-34.58806,-58.42567,Palermo,Entire home/apt,2.0,"$193,691.00",64,2026-07-21,4.84
149687986,-34.57744,-58.42907,Palermo,Entire home/apt,,"$276,935.00",19,2026-07-01,4.95
416972212,-34.61314,-58.37051,Monserrat,Private room,,"$18,005.54",4,2026-06-14,4.5
134093644,-34.592583,-58.430573,Palermo,Entire home/apt,1.0,"$121,115.00",106,2026-05-25,4.85
21142936,-34.56100935443705,-58.460731626983645,Belgrano,Entire home/apt,2.0,"$187,750.00",5,2026-03-24,5.0
174581532,-34.59601,-58.37942,Retiro,Entire home/apt,1.0,"$84,956.67",4,2025-10-08,4.75
576228039,-34.58547,-58.44738,Chacarita,Private room,,"$27,188.00",48,2026-07-07,4.85
496379673,-34.5815918,-58.436977,Palermo,Entire home/apt,2.0,"$190,250.61",107,2026-06-30,4.85
453053737,-34.5820798,-58.40864209999999,Palermo,Entire home/apt,1.0,"$67,286.00",93,2026-07-12,4.86
549254730,-34.5696984,-58.43271199999999,Palermo,Entire home/apt,2.0,"$140,701.00",79,2026-07-19,4.97
2017830,-34.5771,-58.42374,Palermo,Entire home/apt,1.0,"$3,253,237.50",58,2026-06-08,4.88
117792890,-34.59069,-58.40023,Recoleta,Entire home/apt,1.0,"$80,991.00",8,2026-04-28,4.88
500966477,-34.59672,-58.40582,Recoleta,Entire home/apt,1.0,"$105,563.80",4,2026-04-25,5.0
171997775,-34.603985,-58.3845054,San Nicolas,Entire home/apt,1.0,"$163,877.84",14,2026-05-30,4.79
107065313,-34.58049,-58.43336,Palermo,Entire home/apt,1.0,"$74,653.50",21,2026-07-15,4.95
687418172,-34.60187,-58.40998,Balvanera,Entire home/apt,1.0,"$101,677.00",4,2026-04-04,4.75
582893952,-34.61399702777006,-58.38236186653376,Monserrat,Entire home/apt,1.0,"$39,295.99",4,2025-05-04,4.75
591248603,-34.5874461,-58.4174918,Palermo,Entire home/apt,1.0,"$70,352.11",119,2026-07-19,4.95
213126432,-34.57197,-58.44352,Colegiales,Entire home/apt,4.0,"$273,748.67",28,2026-03-29,4.57
24763193,-34.6039245,-58.3834774,San Nicolas,Entire home/apt,1.0,"$81,889.50",35,2026-07-18,4.97
105159902,-34.603029121264065,-58.39197859168053,San Nicolas,Entire home/apt,1.0,"$91,551.00",7,2026-02-17,4.86
374872974,-34.58261,-58.43488,Palermo,Entire home/apt,,"$108,405.00",5,2026-06-21,4.2
484398127,-34.60743,-58.40795,Balvanera,Entire home/apt,1.0,"$90,823.00",6,2026-07-11,4.83
7660606,-34.60158,-58.42178,Almagro,Entire home/apt,1.0,"$87,348.67",9,2023-08-21,4.89
318269,-34.5976177,-58.41913690000001,Palermo,Entire home/apt,2.0,"$149,522.35",21,2026-07-09,4.76
513296580,-34.5964896,-58.3917372,Recoleta,Entire home/apt,1.0,"$142,048.00",5,2026-07-07,4.2
548547938,-34.59811,-58.37223,Retiro,Entire home/apt,1.0,"$131,589.00",27,2026-05-01,4.89
9967889,-34.54067,-58.47033,Nuñez,Entire home/apt,2.0,,3,2026-06-08,5.0
59081706,-34.6152343,-58.37859699999999,Monserrat,Entire home/apt,,"$84,956.50",116,2026-07-05,4.75
462083363,-34.5699997,-58.4478677,Colegiales,Entire home/apt,1.0,"$222,590.00",5,2023-09-22,4.2
41211373,-34.61843,-58.35981,Puerto Madero,Entire home/apt,1.0,"$175,317.50",136,2026-06-11,4.91
167639053,-34.59138,-58.44395,Villa Crespo,Entire home/apt,1.0,"$108,690.00",113,2026-07-10,4.82
544165172,-34.59927,-58.41126,Balvanera,Entire home/apt,1.0,"$84,495.43",48,2026-07-14,4.92
210147055,-34.5744269,-58.442685,Palermo,Entire home/apt,1.0,,75,2026-07-12,4.52
286782824,-34.611653500960884,-58.45491327345371,Caballito,Entire home/apt,1.0,"$66,256.00",4,2026-07-01,5.0
474740807,-34.5811,-58.43366,Palermo,Entire home/apt,1.0,"$121,862.00",10,2026-07-08,5.0
335801616,-34.59688,-58.42562,Villa Crespo,Private room,,"$32,422.00",9,2025-12-22,4.56
674349082,-34.6175931,-58.37727629999999,San Telmo,Entire home/apt,1.0,"$46,156.00",29,2026-07-22,4.79
716702,-34.63439,-58.44441,Parque Chacabuco,Private room,1.0,"$257,286.57",0,,
53404197,-34.58543569008384,-58.42846568673849,Palermo,Entire home/apt,1.0,"$111,488.50",32,2026-07-19,5.0
438907260,-34.5923703,-58.3667792,Retiro,Private room,,"$51,732.00",0,,
520834602,-34.61448,-58.38018,Monserrat,Entire home/apt,1.0,"$53,432.78",3,2026-07-01,4.0
439717356,-34.5556288,-58.48167040000001,Saavedra,Entire home/apt,,"$93,801.00",160,2026-06-28,4.94
72735264,-34.5589129,-58.4581329,Belgrano,Entire home/apt,1.0,"$79,460.15",2,2025-12-26,5.0
104897600,-34.5801158,-58.426402,Palermo,Entire home/apt,1.0,"$146,508.00",11,2026-06-22,4.91
735073742,-34.5914374,-58.39466150000001,Recoleta,Entire home/apt,1.0,"$98,417.00",32,2026-07-12,4.84
182977432,-34.58815,-58.43375,Palermo,Entire home/apt,1.0,"$1,538,133.32",81,2020-02-16,4.88
480717065,-34.61238,-58.36856,Monserrat,Entire home/apt,,"$100,525.00",38,2026-07-24,4.95
2120738,-34.60875,-58.38823,San Nicolas,Entire home/apt,,"$81,294.00",20,2026-07-23,4.4
6644848,-34.594788,-58.414993,Palermo,Entire home/apt,2.0,"$140,558.00",25,2024-10-04,4.76
118557735,-34.58217102532375,-58.43312360674591,Palermo,Entire home/apt,2.0,"$278,423.50",2,2026-07-12,5.0
520859300,-34.5966362,-58.40754909999999,Recoleta,Entire home/apt,1.0,"$79,546.67",77,2026-07-21,4.95
55553719,-34.60712,-58.39106,San Nicolas,Entire home/apt,,"$143,951.00",2,2022-06-24,4.5
287853027,-34.59108,-58.3928,Recoleta,Entire home/apt,1.0,"$107,656.97",26,2026-07-14,4.58
12287440,-34.58405,-58.42909,Palermo,Entire home/apt,1.0,"$44,221.83",41,2026-05-30,4.73
40982230,-34.59335810125172,-58.4283235296607,Palermo,Entire home/apt,1.0,"$98,207.60",37,2026-07-15,4.92
21427846,-34.61296,-58.45557,Caballito,Entire home/apt,1.0,"$83,512.50",16,2026-07-17,4.44
78248411,-34.621139,-58.3798571,Constitucion,Entire home/apt,1.0,"$68,757.21",8,2026-07-08,5.0
511800353,-34.5946696,-58.38499879999999,Retiro,Entire home/apt,1.0,"$72,519.00",45,2026-05-14,4.47
209988655,-34.58152,-58.44138,Palermo,Entire home/apt,,"$84,956.50",152,2026-06-15,4.91
5597544,-34.58486,-58.42651,Palermo,Entire home/apt,2.0,,85,2026-04-25,4.94
43502360,-34.61165,-58.36218,Puerto Madero,Entire home/apt,2.0,"$850,437.67",0,,
89124372,-34.5924949,-58.3910713,Recoleta,Entire home/apt,1.0,"$129,363.00",29,2025-10-19,4.69
118950840,-34.59267,-58.39297,Recoleta,Entire home/apt,1.0,"$101,242.67",39,2026-06-22,4.87
580439729,-34.60763,-58.4237,Almagro,Entire home/apt,2.0,"$97,202.59",5,2025-08-23,5.0
193996413,-34.61906,-58.37502,San Telmo,Entire home/apt,1.0,"$72,519.00",5,2026-04-30,4.8
486792565,-34.6080098,-58.3821628,San Nicolas,Entire home/apt,1.0,,148,2026-07-10,4.88
139652867,-34.58092,-58.42748,Palermo,Entire home/apt,1.0,"$113,115.00",11,2026-07-13,5.0
504653027,-34.59605320000001,-58.3975289,Recoleta,Entire home/apt,1.0,"$84,481.00",147,2026-07-21,4.97
14450833,-34.58023,-58.43317,Palermo,Entire home/apt,,"$116,629.00",66,2026-07-17,4.73
1993613,-34.58078,-58.41114,Palermo,Entire home/apt,1.0,"$78,411.00",73,2024-08-25,4.86
599806135,-34.5996644,-58.3717799,San Nicolas,Entire home/apt,2.0,"$192,684.94",7,2026-07-04,4.86
169131554,-34.58995,-58.40246,Recoleta,Entire home/apt,2.0,"$325,323.72",120,2026-05-09,4.79
167814804,-34.5723655,-58.4297772,Palermo,Private room,1.0,"$47,571.00",0,,
153190460,-34.60478,-58.41485,Almagro,Entire home/apt,1.0,"$86,355.96",2,2026-06-27,5.0
298874610,-34.60218,-58.37621,San Nicolas,Entire home/apt,1.0,"$106,098.00",7,2025-10-23,5.0
344599,-34.5917515,-58.44371659999999,Villa Crespo,Entire home/apt,2.0,"$209,934.30",136,2026-07-07,4.61
734099558,-34.5841038,-58.44179310000001,Palermo,Entire home/apt,1.0,"$76,000.00",1,2026-07-15,5.0
295198260,-34.59719,-58.41298,Recoleta,Entire home/apt,2.0,"$51,918.50",21,2020-03-16,4.95
517433309,-34.5875629940316,-58.40457994490862,Recoleta,Entire home/apt,1.0,"$90,212.67",44,2026-07-09,4.86
58205645,-34.60534,-58.38967,San Nicolas,Entire home/apt,1.0,"$59,768.53",5,2026-06-28,4.8
110035627,-34.59588,-58.37411,Retiro,Entire home/apt,2.0,"$93,056.00",83,2026-07-16,4.9
597857184,-34.6239539,-58.41622470000001,Boedo,Private room,4.0,,5,2025-12-10,3.4
551873897,-34.5989855,-58.3715147,San Nicolas,Entire home/apt,1.0,"$113,492.00",14,2026-07-15,5.0
1864747,-34.61036,-58.42177,Almagro,Private room,,"$34,245.00",3,2023-12-31,4.67
132838002,-34.5814566,-58.41560860000001,Palermo,Entire home/apt,1.0,"$128,283.50",2,2026-06-07,5.0
432504035,-34.5984086,-58.37323000000001,Retiro,Entire home/apt,2.0,"$156,334.33",4,2026-07-20,5.0
89878539,-34.58925,-58.38418,Retiro,Entire home/apt,1.0,"$142,047.50",40,2026-07-10,4.98
7069710,-34.59785,-58.40472,Recoleta,Entire home/apt,1.0,"$80,742.75",1,2026-05-10,4.0
474740807,-34.58343,-58.42725,Palermo,Entire home/apt,1.0,"$125,825.00",21,2026-07-18,5.0
103694958,-34.5932634,-58.4067702,Recoleta,Entire home/apt,,"$122,089.50",0,,
308548697,-34.553631,-58.4516292,Belgrano,Entire home/apt,1.0,"$128,046.00",2,2025-08-24,5.0
36221268,-34.57991,-58.43595,Palermo,Entire home/apt,3.0,"$662,648.00",98,2026-07-05,4.98
37413836,-34.61726,-58.37338,San Telmo,Entire home/apt,1.0,,29,2025-12-31,4.24
1021694,-34.59335,-58.384,Retiro,Entire home/apt,1.0,"$277,396.13",4,2026-07-20,3.75
413736367,-34.60048,-58.42473,Almagro,Entire home/apt,2.0,"$121,734.00",16,2026-07-24,5.0
550416,-34.6124,-58.42132,Almagro,Entire home/apt,1.0,"$75,189.50",23,2026-07-15,4.96
45905514,-34.593845784733105,-58.44377540051937,Villa Crespo,Entire home/apt,1.0,,14,2024-12-09,4.71
223203055,-34.58933,-58.40369,Recoleta,Entire home/apt,2.0,"$135,347.00",24,2026-07-13,4.71
150821084,-34.62029,-58.38988,Constitucion,Private room,,"$50,622.45",4,2026-02-15,4.75
20174177,-34.58559,-58.43233,Palermo,Entire home/apt,1.0,"$273,012.20",31,2025-03-25,4.9
144646,-34.5855549,-58.42945289999999,Palermo,Entire home/apt,5.0,"$548,116.03",83,2026-06-29,4.94
215679635,-34.57851,-58.4146,Palermo,Entire home/apt,2.0,"$151,123.00",2,2026-03-24,4.5
176055454,-34.57408,-58.43468,Palermo,Entire home/apt,2.0,"$118,159.00",3,2026-02-17,3.33
265485705,-34.58195308107721,-58.430443630024726,Palermo,Entire home/apt,2.0,"$257,180.60",9,2026-07-13,5.0
587745229,-34.6181469,-58.3875669,Constitucion,Entire home/apt,1.0,"$135,788.00",0,,
11256892,-34.5969859,-58.37369519999999,Retiro,Entire home/apt,2.0,"$96,033.78",92,2026-07-19,4.66
111120909,-34.595981164234495,-58.37878178805113,Retiro,Entire home/apt,1.0,"$116,730.00",46,2026-07-19,5.0
147572201,-34.6239,-58.37714,Constitucion,Entire home/apt,1.0,"$125,068.00",14,2026-04-23,4.64
237799166,-34.59748,-58.44931,Villa Crespo,Entire home/apt,2.0,"$67,455.43",0,,
556686252,-34.5820926,-58.424365,Palermo,Entire home/apt,,"$133,093.92",4,2026-04-06,5.0
3469227,-34.5774349,-58.43844169999999,Palermo,Entire home/apt,,"$125,734.40",7,2026-03-26,5.0
540431443,-34.5795151260228,-58.42582264285278,Palermo,Entire home/apt,1.0,"$123,273.33",6,2026-05-08,5.0
23268100,-34.62148,-58.36095,Puerto Madero,Entire home/apt,1.0,"$84,867.07",34,2026-05-13,4.76
218125442,-34.58316,-58.45447,Chacarita,Entire home/apt,1.0,"$92,881.00",3,2025-02-28,5.0
91548766,-34.5811418,-58.4307016,Palermo,Entire home/apt,1.0,"$71,690.50",116,2026-06-12,4.9
104897600,-34.59745,-58.37847,Retiro,Entire home/apt,1.0,"$145,337.00",536,2026-05-07,4.79
30423321,-34.5887932,-58.40761959999999,Recoleta,Entire home/apt,2.0,"$140,054.00",3,2026-06-08,4.67
492027158,-34.57874371790069,-58.44022449105978,Colegiales,Entire home/apt,1.0,"$128,045.04",28,2026-07-12,4.64
4473224,-34.58469,-58.42137,Palermo,Entire home/apt,1.0,,51,2026-06-13,4.8
551087491,-34.6051355,-58.4260889,Almagro,Entire home/apt,1.0,"$80,266.50",23,2026-07-17,4.78
10832119,-34.58246,-58.44242,Palermo,Entire home/apt,,"$91,209.50",144,2026-07-03,4.78
271828856,-34.605445853041054,-58.39204884907379,San Nicolas,Private room,10.0,"$91,822.60",0,,
560529506,-34.59653,-58.4074,Recoleta,Entire home/apt,1.0,"$68,252.67",13,2026-03-30,4.85
14450833,-34.5832374,-58.4043472,Palermo,Entire home/apt,3.0,"$79,605.86",0,,
663194380,-34.57222,-58.43285,Palermo,Entire home/apt,1.0,"$74,757.50",26,2026-06-07,4.38
188580940,-34.5959618,-58.3957948,Recoleta,Entire home/apt,1.0,"$80,059.29",24,2026-07-16,5.0
183209971,-34.61657,-58.36213,Puerto Madero,Entire home/apt,1.0,"$212,409.33",34,2026-03-20,4.91
216430388,-34.58295,-58.42422,Palermo,Entire home/apt,,"$120,615.68",72,2026-05-13,4.79
54320423,-34.60645,-58.38389,San Nicolas,Entire home/apt,1.0,"$63,171.50",109,2026-06-07,4.84
7879252,-34.60123476148934,-58.38539443910122,San Nicolas,Entire home/apt,3.0,"$217,597.00",63,2026-07-10,4.95
116604848,-34.61746,-58.42846,Almagro,Entire home/apt,2.0,"$153,201.47",1,2018-10-21,5.0
1028764,-34.57747,-58.43915,Palermo,Entire home/apt,1.0,"$195,398.00",8,2025-11-15,5.0
85955518,-34.5929,-58.40869,Recoleta,Entire home/apt,1.0,"$88,589.50",96,2026-07-21,4.96
511800353,-34.594788,-58.3858889,Retiro,Entire home/apt,1.0,"$84,809.76",164,2026-07-10,4.77
81741584,-34.61107,-58.37157,Monserrat,Entire home/apt,3.0,"$253,589.00",44,2026-07-18,4.91
215285828,-34.57364,-58.43973,Palermo,Entire home/apt,1.0,,283,2026-06-07,4.61
683927253,-34.55382,-58.49398,Saavedra,Entire home/apt,,"$145,912.00",12,2026-07-11,5.0
5977419,-34.5816,-58.42984,Palermo,Entire home/apt,1.0,"$205,468.00",7,2026-04-12,4.57
45549429,-34.55476,-58.46005,Belgrano,Private room,,"$55,223.50",6,2025-12-12,5.0
1320987,-34.57463,-58.42409,Palermo,Private room,,"$84,956.67",0,,
10832119,-34.59724,-58.41374,Recoleta,Entire home/apt,1.0,"$145,167.50",20,2026-07-09,4.75
129146026,-34.59719,-58.38759,Recoleta,Entire home/apt,1.0,"$71,024.00",2,2026-07-19,5.0
20839098,-34.57552,-58.46492,Villa Ortuzar,Entire home/apt,2.0,"$84,953.60",4,2025-11-11,4.5
182522517,-34.55493,-58.48825,Saavedra,Entire home/apt,1.0,"$159,628.25",2,2023-11-30,5.0
551473583,-34.59436,-58.40635,Recoleta,Entire home/apt,1.0,"$120,552.00",12,2025-11-29,4.75
16128446,-34.58995,-58.43598,Palermo,Entire home/apt,1.0,"$48,337.57",35,2026-05-06,4.91
1807365,-34.6120115,-58.3980847,Balvanera,Entire home/apt,1.0,"$98,551.00",1,2026-03-20,5.0
29677615,-34.5838549,-58.4268906,Palermo,Entire home/apt,1.0,"$91,005.33",39,2026-06-14,4.97
159769892,-34.60585,-58.42472,Almagro,Entire home/apt,1.0,"$67,963.33",8,2026-03-02,4.13
439667947,-34.5934742,-58.4298837,Palermo,Entire home/apt,1.0,"$111,573.00",99,2026-06-30,4.88
122564926,-34.59642,-58.38378,Retiro,Entire home/apt,1.0,"$49,482.34",1,2023-11-14,4.0
12141884,-34.58829,-58.42506,Palermo,Entire home/apt,2.0,"$290,335.00",109,2026-06-14,4.8
11385994,-34.59839,-58.37657,Retiro,Entire home/apt,1.0,"$297,035.00",12,2026-07-20,5.0
3525918,-34.59416,-58.38657,Retiro,Entire home/apt,1.0,"$76,455.00",0,,
3771282,-34.57989,-58.43831,Palermo,Entire home/apt,1.0,"$152,463.00",0,,
468785404,-34.5844906,-58.4198785,Palermo,Entire home/apt,1.0,"$78,167.03",37,2026-06-07,4.7
1028764,-34.57707214355469,-58.43967819213867,Palermo,Entire home/apt,1.0,"$129,327.00",40,2025-11-09,4.53
21407219,-34.5790488,-58.4328051,Palermo,Entire home/apt,1.0,"$127,843.00",68,2026-06-14,4.6
545901248,-34.60359,-58.38549,San Nicolas,Private room,1.0,"$135,922.00",0,,
16133446,-34.58288,-58.42221,Palermo,Entire home/apt,,"$55,162.00",10,2026-07-04,5.0
16720852,-34.58932,-58.43801,Villa Crespo,Private room,2.0,"$136,979.00",64,2021-11-01,4.89
56076727,-34.5890817,-58.48627080000001,Agronomia,Entire home/apt,,"$50,851.00",30,2026-06-15,4.87
160058083,-34.6034304,-58.43108389999999,Almagro,Entire home/apt,1.0,"$115,539.00",14,2026-06-14,5.0
538265709,-34.57934,-58.44346,Colegiales,Entire home/apt,1.0,"$217,877.29",0,,
336224491,-34.5560894571734,-58.44993643462658,Belgrano,Entire home/apt,1.0,"$92,033.67",1,2025-12-27,5.0
50049496,-34.61422,-58.379845,Monserrat,Entire home/apt,1.0,"$93,450.75",9,2026-01-22,4.89
380602522,-34.61649,-58.3618,Puerto Madero,Entire home/apt,2.0,"$390,686.40",48,2026-06-18,4.79
488482650,-34.59469,-58.42638,Palermo,Entire home/apt,1.0,"$121,149.00",9,2026-04-30,4.89
5626923,-34.5843401,-58.41371129999999,Palermo,Entire home/apt,3.0,"$334,559.00",61,2026-07-14,4.9
37416739,-34.58403870458565,-58.40447131544352,Recoleta,Entire home/apt,1.0,"$163,479.33",33,2026-07-21,4.94
333086718,-34.5775119,-58.4240281,Palermo,Entire home/apt,1.0,"$184,325.33",44,2026-07-15,4.98
539536,-34.55833,-58.44683,Belgrano,Entire home/apt,1.0,,0,,
37630923,-34.58005905151367,-58.4338264465332,Palermo,Entire home/apt,1.0,"$142,903.50",76,2026-06-30,4.79
4341485,-34.5443447,-58.4626263,Nuñez,Entire home/apt,1.0,"$72,459.67",46,2026-06-28,4.8
699579415,-34.5851694,-58.4360083,Palermo,Hotel room,1.0,"$361,058.00",0,,
259807286,-34.6138508,-58.37317909999999,Monserrat,Entire home/apt,1.0,"$82,238.00",8,2026-07-19,4.88
42159002,-34.5864372253418,-58.39543914794922,Recoleta,Entire home/apt,2.0,"$222,233.50",71,2026-02-07,4.92
184688263,-34.5538,-58.45721,Belgrano,Entire home/apt,1.0,"$96,282.00",24,2025-04-21,4.71
739872767,-34.57853,-58.44096,Colegiales,Entire home/apt,1.0,,1,2026-02-17,5.0
1714217348660860444,-34.62022,-58.38956,Constitucion,Entire home/apt,1.0,"$68,608.40",0,,
329819840,-34.61006,-58.44222,Caballito,Entire home/apt,1.0,"$124,040.00",18,2022-11-20,4.61
429159709,-34.57316,-58.44285,Colegiales,Entire home/apt,1.0,"$113,757.67",0,,
471100452,-34.5911,-58.39465,Recoleta,Entire home/apt,1.0,"$101,945.00",1,2026-03-29,4.0
3771282,-34.58045,-58.43747,Palermo,Entire home/apt,4.0,"$478,680.00",56,2026-03-28,4.5
55553719,-34.577741,-58.43886200000001,Palermo,Entire home/apt,,"$119,442.60",0,,
52446523,-34.60322,-58.37945,San Nicolas,Entire home/apt,1.0,"$136,234.00",41,2026-06-07,4.68
10832119,-34.58275657709339,-58.44287856190184,Palermo,Entire home/apt,1.0,"$115,985.00",87,2026-05-17,4.56
149687986,-34.61694,-58.36138,Puerto Madero,Entire home/apt,2.0,"$5,360,025.00",2,2026-07-12,4.5
223855671,-34.62933,-58.48526,Floresta,Private room,1.0,"$256,765.00",1,2019-12-31,5.0
232521862,-34.59518,-58.38023,Retiro,Entire home/apt,1.0,"$58,314.50",21,2026-06-27,4.9
225704232,-34.5841144,-58.4026808,Recoleta,Entire home/apt,1.0,"$115,538.31",1,2025-11-22,5.0
187887723,-34.61186,-58.4094,Balvanera,Private room,1.0,"$40,498.00",4,2025-11-16,2.75
5802484,-34.612289,-58.377319,Monserrat,Entire home/apt,1.0,"$92,602.00",96,2026-05-26,4.99
113221419,-34.55139,-58.45272,Belgrano,Entire home/apt,,"$110,439.00",32,2026-06-30,4.63
126243046,-34.58792,-58.42262,Palermo,Entire home/apt,3.0,"$592,580.50",74,2026-07-17,4.97
229493347,-34.58046,-58.43219,Palermo,Private room,,"$196,235.00",43,2026-03-22,4.63
4481449,-34.586325,-58.4014982,Recoleta,Entire home/apt,1.0,"$148,851.00",22,2026-07-10,4.82
109809215,-34.6063171,-58.416313,Almagro,Entire home/apt,,"$50,860.68",1,2024-06-21,5.0
755286971,-34.6165274,-58.4243539,Almagro,Private room,,"$43,178.00",0,,
261847057,-34.59657,-58.38343,Retiro,Entire home/apt,1.0,"$82,238.00",24,2026-07-11,4.96
463864790,-34.6207272,-58.36861009999999,San Telmo,Entire home/apt,2.0,"$108,035.50",72,2026-07-20,4.9
74885919,-34.5873148,-58.3986092,Recoleta,Entire home/apt,2.0,"$195,673.00",39,2026-07-03,4.72
104768433,-34.58329,-58.43357,Palermo,Entire home/apt,1.0,"$114,635.00",23,2026-05-21,4.96
116546752,-34.59235,-58.41667,Palermo,Entire home/apt,1.0,,2,2024-02-19,5.0
541135212,-34.54987,-58.45599,Nuñez,Entire home/apt,2.0,"$187,467.00",15,2026-07-13,4.87
474740807,-34.57951,-58.43478,Palermo,Entire home/apt,1.0,"$120,366.48",2,2026-06-21,4.5
192960229,-34.56740700977863,-58.43400076031684,Palermo,Entire home/apt,1.0,"$145,912.00",32,2026-07-12,4.72
170629816,-34.5967,-58.40415,Recoleta,Entire home/apt,1.0,"$110,917.00",6,2026-05-10,4.83
76017414,-34.61368,-58.36805,Monserrat,Entire home/apt,1.0,"$184,624.00",0,,
142212691,-34.61384609179355,-58.3748272061348,Monserrat,Entire home/apt,1.0,"$94,872.71",12,2026-07-20,4.92
450280697,-34.5592895,-58.45653249999999,Belgrano,Entire home/apt,1.0,"$128,045.03",11,2026-05-03,4.82
216430388,-34.57792,-58.42904,Palermo,Entire home/apt,,"$111,170.88",53,2026-07-07,4.72
12264930,-34.59934,-58.37941,San Nicolas,Entire home/apt,2.0,"$509,724.00",0,,
14209047,-34.5734629,-58.43653080000001,Palermo,Entire home/apt,2.0,"$110,828.67",5,2026-01-14,5.0
25970785,-34.60431,-58.42553,Almagro,Entire home/apt,1.0,"$45,514.98",8,2025-05-01,4.88
40191846,-34.60609,-58.3982,Balvanera,Private room,,"$34,245.00",18,2026-06-19,4.83
699579860,-34.5970329,-58.3754741,Retiro,Hotel room,1.0,"$333,781.00",0,,
267435171,-34.61236,-58.39515,Balvanera,Entire home/apt,1.0,"$62,072.00",0,,
69091396,-34.582298,-58.451893,Chacarita,Entire home/apt,1.0,"$178,667.50",8,2026-06-26,5.0
10966956,-34.6131904,-58.367206,Monserrat,Entire home/apt,1.0,"$228,620.00",1,2026-03-27,5.0
36564453,-34.57344,-58.42902,Palermo,Private room,,"$67,172.00",7,2026-04-27,4.0
245768419,-34.57932,-58.43448,Palermo,Entire home/apt,,"$105,795.50",85,2026-06-07,4.86
149687986,-34.61119,-58.36277,Puerto Madero,Entire home/apt,2.0,"$312,669.00",79,2026-06-21,4.91
2905876,-34.58003,-58.4249,Palermo,Entire home/apt,1.0,"$89,056.00",24,2026-03-25,4.63
534041320,-34.60417,-58.38972,San Nicolas,Entire home/apt,,"$83,734.00",11,2026-07-08,5.0
175883962,-34.54482,-58.48166,Saavedra,Entire home/apt,1.0,"$89,200.00",70,2026-06-26,4.99
738974564,-34.6011327,-58.40920009999999,Balvanera,Private room,,"$35,674.00",2,2026-05-31,5.0
5412762,-34.59904479980469,-58.376861572265625,San Nicolas,Entire home/apt,4.0,"$467,246.00",50,2026-06-08,4.84
9944323,-34.61343,-58.38397,Monserrat,Entire home/apt,1.0,"$94,297.00",129,2026-07-11,4.83
2992795,-34.6036216,-58.37675369999999,San Nicolas,Entire home/apt,1.0,"$82,402.93",8,2026-05-03,4.88
450333659,-34.61391791793803,-58.41359269314576,Almagro,Entire home/apt,2.0,"$57,203.67",0,,
176055454,-34.5943,-58.42483,Palermo,Entire home/apt,,"$115,196.00",1,2026-04-10,5.0
699579415,-34.5855776,-58.388839,Recoleta,Hotel room,1.0,"$385,624.00",0,,
518193705,-34.5834266,-58.4003076,Palermo,Entire home/apt,1.0,"$96,033.78",51,2026-06-15,4.9
74508273,-34.602535247802734,-58.41807556152344,Almagro,Entire home/apt,1.0,"$93,167.67",31,2026-07-03,4.97
3017695,-34.57778,-58.43673,Palermo,Entire home/apt,1.0,"$92,396.62",47,2026-07-19,4.98
170629816,-34.55448,-58.46763,Nuñez,Entire home/apt,2.0,"$186,902.00",3,2026-04-20,5.0
40544204,-34.594765,-58.400604,Recoleta,Entire home/apt,,"$120,726.00",122,2026-03-21,4.9
11483615,-34.59548,-58.41263,Recoleta,Entire home/apt,1.0,"$95,472.00",33,2026-06-27,4.76
57334881,-34.55531,-58.45349,Belgrano,Entire home/apt,1.0,"$78,881.80",11,2025-11-18,4.73
256081994,-34.6212711,-58.37580810000001,San Telmo,Entire home/apt,1.0,"$89,305.67",38,2026-07-22,5.0
153936038,-34.59052,-58.40311,Recoleta,Entire home/apt,1.0,"$83,117.50",13,2026-05-03,4.62
128441982,-34.599895174252374,-58.37964680045843,San Nicolas,Entire home/apt,1.0,"$184,775.75",19,2025-04-22,5.0
163147467,-34.60251,-58.38263,San Nicolas,Entire home/apt,1.0,"$52,552.00",227,2026-04-23,4.67
265849538,-34.6033249524973,-58.432762803704826,Almagro,Entire home/apt,1.0,"$79,656.00",55,2026-07-05,4.98
11767520,-34.5984984,-58.4332806,Villa Crespo,Entire home/apt,2.0,"$124,601.00",7,2025-03-05,4.57
458352768,-34.59602,-58.38141,Retiro,Entire home/apt,1.0,"$85,851.50",2,2026-07-16,5.0
529395923,-34.62094039999999,-58.37637939999999,San Telmo,Entire home/apt,2.0,"$73,310.86",21,2026-06-05,4.67
50901660,-34.5976062,-58.3794248,Retiro,Entire home/apt,1.0,"$92,602.00",5,2024-07-05,5.0
11256892,-34.5861717,-58.4147901,Palermo,Entire home/apt,1.0,"$77,004.64",72,2026-07-11,4.85
158524646,-34.6027503,-58.38739409999999,San Nicolas,Entire home/apt,1.0,"$100,674.21",2,2026-01-18,4.0
236131694,-34.560921,-58.46079599999999,Belgrano,Entire home/apt,2.0,"$68,129.71",0,,
30871884,-34.58589,-58.4237,Palermo,Entire home/apt,1.0,"$126,695.25",82,2026-07-15,4.98
87390099,-34.65615,-58.48424,Mataderos,Entire home/apt,1.0,,1,2022-11-08,5.0
102259974,-34.57871,-58.43061,Palermo,Entire home/apt,1.0,"$82,472.22",111,2026-06-26,4.7
210015950,-34.6127672,-58.3786914,Monserrat,Private room,,"$55,729.37",0,,
697546471,-34.578538,-58.4231551,Palermo,Entire home/apt,1.0,"$72,658.50",86,2026-07-17,4.94
62424978,-34.5888045,-58.4186956,Palermo,Private room,1.0,"$89,415,096.06",0,,
534239727,-34.602073,-58.3918194,San Nicolas,Entire home/apt,,"$72,519.00",90,2026-07-10,4.98
490926899,-34.58189483163772,-58.40559166931151,Palermo,Entire home/apt,1.0,"$107,158.67",43,2026-05-04,4.93
13777989,-34.58645,-58.40787,Recoleta,Entire home/apt,1.0,"$124,104.67",15,2026-02-16,4.33
39858732,-34.5845579,-58.4418823,Palermo,Entire home/apt,1.0,"$94,545.00",15,2026-05-03,5.0
177482526,-34.597246,-58.3783452,Retiro,Entire home/apt,,"$69,531.82",2,2026-07-16,4.5
58504859,-34.60112,-58.41481,Almagro,Entire home/apt,1.0,"$7,741,867.33",3,2023-08-11,3.67
577299048,-34.59874,-58.38638,Retiro,Entire home/apt,1.0,"$95,696.00",36,2026-07-07,4.5
3176432,-34.60581,-58.41411,Almagro,Entire home/apt,1.0,"$79,288.67",3,2025-10-05,5.0
552794233,-34.5946904,-58.42676059999999,Palermo,Entire home/apt,,"$118,933.00",80,2026-06-29,4.91
66250169,-34.6136,-58.37752,Monserrat,Entire home/apt,1.0,"$143,724.19",31,2026-03-14,5.0
300552800,-34.56511,-58.45977,Belgrano,Entire home/apt,1.0,"$92,177.75",40,2026-06-07,4.68
188210752,-34.6155,-58.3796,Monserrat,Entire home/apt,1.0,"$89,334.00",23,2026-07-12,4.91
172176067,-34.57546,-58.42364,Palermo,Entire home/apt,,"$96,778.50",93,2026-07-20,4.86
754603383,-34.5910878,-58.4121752,Palermo,Entire home/apt,1.0,"$96,779.00",1,2026-07-02,5.0
240496740,-34.61849,-58.40039,Balvanera,Private room,,,0,,
533955079,-34.6088491,-58.4321644,Caballito,Entire home/apt,1.0,"$85,745.00",12,2025-05-09,4.67
500966477,-34.55488,-58.46655,Nuñez,Entire home/apt,1.0,"$73,199.57",6,2025-03-16,4.83
1409800,-34.60511,-58.37138,San Nicolas,Private room,2.0,"$253,113.00",2,2026-01-17,5.0
2231275,-34.60356140136719,-58.419166564941406,Almagro,Entire home/apt,2.0,"$93,451.00",10,2020-02-15,5.0
480717065,-34.6127985,-58.36776299999999,Monserrat,Entire home/apt,,"$99,830.50",3,2026-06-29,4.0
3942692,-34.5702188,-58.43180889999999,Palermo,Entire home/apt,2.0,"$232,153.54",56,2026-07-18,4.93
137667992,-34.5778053,-58.4388193,Palermo,Entire home/apt,1.0,"$89,714.50",3,2026-07-16,5.0
64631649,-34.55017,-58.46797,Nuñez,Entire home/apt,1.0,"$101,945.00",25,2026-06-07,4.92
230368892,-34.5952598,-58.4211019,Palermo,Private room,,"$34,245.00",41,2026-07-11,4.73
500338520,-34.61001,-58.37958,Monserrat,Shared room,1.0,"$21,341.00",5,2026-04-07,4.6
491408638,-34.6095,-58.38703,Monserrat,Entire home/apt,1.0,"$93,451.00",7,2026-07-11,4.14
26612597,-34.58727,-58.4112,Palermo,Entire home/apt,1.0,,7,2026-07-12,4.86
537706620,-34.58467,-58.45098,Chacarita,Entire home/apt,1.0,"$41,902.42",0,,
8261585,-34.58882,-58.43549,Palermo,Private room,,"$44,048.00",1,2026-01-31,4.0
11483615,-34.59642210000001,-58.4130158,Recoleta,Entire home/apt,1.0,"$93,677.00",31,2026-05-03,4.68
480717065,-34.6133,-58.36787,Monserrat,Entire home/apt,1.0,"$132,445.72",33,2025-12-19,5.0
9212040,-34.62767,-58.43653,Caballito,Entire home/apt,1.0,"$68,191.60",20,2026-07-09,4.9
302416516,-34.60742,-58.39237,Balvanera,Entire home/apt,,"$63,099.00",30,2026-07-13,4.87
35395511,-34.5727106,-58.4223436,Palermo,Entire home/apt,2.0,"$224,926.21",14,2026-05-20,4.93
439450110,-34.5947118,-58.40057229999999,Recoleta,Entire home/apt,1.0,"$88,727.50",38,2026-06-29,4.87
11256892,-34.5910821,-58.4254669,Palermo,Entire home/apt,1.0,"$87,845.00",82,2026-07-19,4.71
567205132,-34.60497,-58.37837,San Nicolas,Entire home/apt,2.0,"$102,659.36",69,2026-07-05,4.62
480028629,-34.58565,-58.43861,Palermo,Entire home/apt,1.0,"$148,889.57",222,2026-07-19,4.95
513296580,-34.5897122,-58.41350939999999,Palermo,Entire home/apt,,"$113,528.50",58,2026-04-19,4.64
499904831,-34.5864440009166,-58.39507956057786,Recoleta,Entire home/apt,1.0,"$119,619.00",43,2026-07-13,4.81
27425595,-34.5882041,-58.4166572,Palermo,Entire home/apt,1.0,,2,2026-02-18,4.5
253358806,-34.55094,-58.46163,Nuñez,Entire home/apt,1.0,"$61,592.00",0,,
512941921,-34.6030111,-58.39168069999999,San Nicolas,Entire home/apt,1.0,"$66,289.00",14,2026-07-17,4.64
39294906,-34.61912,-58.37297,San Telmo,Entire home/apt,1.0,"$63,918.00",145,2025-09-22,4.92
59146349,-34.59851,-58.38625,Retiro,Entire home/apt,2.0,"$109,541.00",95,2026-04-05,4.84
571641635,-34.58818,-58.41777,Palermo,Entire home/apt,1.0,"$120,600.55",20,2026-07-15,4.6
658674513,-34.5907155,-58.4170518,Palermo,Entire home/apt,,"$85,612.00",0,,
213534959,-34.57718,-58.42307,Palermo,Entire home/apt,1.0,"$86,350.00",11,2026-03-23,4.91
495721315,-34.61271,-58.3734,Monserrat,Entire home/apt,1.0,"$164,606.00",20,2024-04-30,4.95
45577013,-34.5878953,-58.42601649999999,Palermo,Entire home/apt,1.0,"$250,618.50",156,2026-07-13,4.98
346169874,-34.57527,-58.43642,Palermo,Entire home/apt,,"$165,972.00",36,2026-04-06,4.72
265210688,-34.58151,-58.44039,Palermo,Entire home/apt,,"$118,041.00",4,2019-09-02,4.0
2638657,-34.5711499,-58.44986499999999,Colegiales,Entire home/apt,,"$99,398.69",47,2026-07-02,4.91
326010113,-34.5995388,-58.4435208,Villa Crespo,Entire home/apt,1.0,"$77,423.00",14,2026-07-06,4.93
4743573,-34.57854,-58.44007,Colegiales,Entire home/apt,1.0,"$114,149.00",10,2026-04-26,5.0
470737586,-34.59792,-58.40367,Recoleta,Entire home/apt,1.0,"$105,712.00",58,2026-06-15,4.67
20736901,-34.5752344,-58.4841073,Villa Urquiza,Entire home/apt,1.0,"$107,463.50",9,2026-07-20,4.11
442693791,-34.620953,-58.387146,Constitucion,Private room,,"$35,861.98",17,2026-03-22,4.06
737460713,-34.59463541962443,-58.39004036039115,Recoleta,Entire home/apt,1.0,"$95,148.00",41,2026-07-20,4.95
431285783,-34.56478534222832,-58.43919218963018,Palermo,Entire home/apt,1.0,"$106,593.67",5,2026-05-01,5.0
59785884,-34.581058077021936,-58.43073047697544,Palermo,Entire home/apt,1.0,"$129,415.00",230,2026-07-20,4.96
727530371,-34.56408,-58.45763,Belgrano,Entire home/apt,2.0,"$237,866.00",5,2026-07-12,4.8
408029626,-34.56894093072463,-58.44884913414716,Colegiales,Entire home/apt,,,39,2026-03-29,4.77
110879325,-34.5891452,-58.43354780000001,Palermo,Entire home/apt,1.0,"$135,568.04",29,2026-05-18,4.52
117926125,-34.5896136,-58.4057906,Recoleta,Entire home/apt,1.0,"$118,938.00",37,2025-11-17,4.86
754777923,-34.60457,-58.38345,San Nicolas,Private room,,"$20,248.98",0,,
186333287,-34.5917324,-58.3799695,Retiro,Entire home/apt,1.0,"$86,923.03",9,2026-06-12,5.0
48005753,-34.56186,-58.46316,Belgrano,Private room,,"$55,164.00",36,2025-11-15,4.75
559551403,-34.61632,-58.44271,Caballito,Private room,,"$49,268.00",0,,
31041957,-34.60636,-58.39497,Balvanera,Entire home/apt,2.0,,3,2025-07-20,4.33
38942385,-34.5955707,-58.3787091,Retiro,Entire home/apt,1.0,"$54,211.00",0,,
192853733,-34.59361,-58.37967,Retiro,Entire home/apt,1.0,"$100,958.32",0,,
130090801,-34.5941,-58.39639,Recoleta,Entire home/apt,3.0,"$275,123.50",109,2026-07-24,4.92
97676367,-34.58444,-58.40756,Palermo,Entire home/apt,1.0,"$63,797.00",54,2026-06-17,4.87
461203988,-34.5887845,-58.4138297,Palermo,Entire home/apt,1.0,"$202,490.00",9,2025-12-30,4.56
558530780,-34.58729,-58.4115,Palermo,Entire home/apt,,"$868,235.00",4,2024-12-17,4.5
158104740,-34.55629074759872,-58.446656428277485,Belgrano,Entire home/apt,1.0,"$137,610.50",0,,
121381499,-34.6179694,-58.37088,San Telmo,Entire home/apt,,"$131,693.00",72,2026-07-19,4.71
19183801,-34.57821,-58.43581,Palermo,Entire home/apt,1.0,"$121,593.33",5,2024-12-12,4.4
5850925,-34.59391,-58.38679,Retiro,Private room,,"$37,222.39",404,2026-06-25,4.81
550368202,-34.62925849705369,-58.45227699726819,Flores,Entire home/apt,1.0,"$45,876.75",48,2026-07-11,5.0
655765606,-34.60694,-58.3787,San Nicolas,Entire home/apt,,"$90,014.00",61,2026-07-21,4.61
87617689,-34.57485,-58.4193,Palermo,Entire home/apt,3.0,,152,2026-06-19,4.89
281234107,-34.58209,-58.44364,Palermo,Entire home/apt,1.0,"$153,003.28",0,,
501688701,-34.60491,-58.39633,Balvanera,Entire home/apt,3.0,"$119,645.53",1,2023-04-10,5.0
428808558,-34.598453,-58.3810593,Retiro,Entire home/apt,2.0,"$94,170.54",268,2026-07-20,4.95
25295025,-34.5719,-58.44158,Colegiales,Entire home/apt,1.0,"$97,688.74",3,2026-07-21,5.0
9790049,-34.58313,-58.42382,Palermo,Entire home/apt,1.0,"$94,947.50",45,2026-07-12,4.71
16133446,-34.58633,-58.41474,Palermo,Entire home/apt,1.0,"$54,500.57",7,2026-06-20,4.14
323021099,-34.5645,-58.4571,Belgrano,Entire home/apt,1.0,"$40,200.18",19,2026-06-21,4.68
680585680,-34.5723764,-58.42980379999999,Palermo,Private room,,"$86,113.00",8,2026-03-01,4.63
334839582,-34.6043937,-58.37717,San Nicolas,Entire home/apt,,"$55,089.50",110,2026-06-29,4.84
7879252,-34.58961,-58.44909,Chacarita,Entire home/apt,1.0,"$126,921.00",10,2026-07-18,4.8
45577013,-34.58886,-58.42456,Palermo,Entire home/apt,2.0,"$292,776.50",164,2026-07-23,4.99
101877506,-34.5956754,-58.4183555,Palermo,Entire home/apt,4.0,"$376,690.62",37,2026-07-12,4.95
521460172,-34.59881,-58.37994,Retiro,Entire home/apt,2.0,"$144,982.00",211,2026-07-12,4.98
236880701,-34.57583,-58.4313,Palermo,Entire home/apt,1.0,"$145,911.79",9,2026-06-18,4.56
195382639,-34.5876816,-58.47910879999999,Parque Chas,Entire home/apt,1.0,"$133,663.33",7,2026-02-16,4.86
253316562,-34.58881,-58.43931,Chacarita,Entire home/apt,1.0,"$78,716.86",34,2025-12-30,4.82
469282547,-34.5992023,-58.44830330000001,Villa Crespo,Entire home/apt,2.0,"$250,879.00",8,2025-11-23,3.75
216623192,-34.59268,-58.42119,Palermo,Entire home/apt,1.0,"$165,267.50",95,2026-07-14,4.93
163340742,-34.602394104003906,-58.42413330078125,Almagro,Entire home/apt,1.0,"$65,838.97",1,2025-11-11,1.0
75740307,-34.61548,-58.37195,Monserrat,Entire home/apt,2.0,"$149,524.00",8,2026-07-23,3.75
4017042,-34.587758,-58.38948929999999,Recoleta,Entire home/apt,2.0,"$339,468.33",53,2026-07-19,5.0
328390449,-34.61820928602575,-58.37736390531063,Constitucion,Entire home/apt,1.0,"$54,374.47",0,,
107071487,-34.55365,-58.46629,Nuñez,Entire home/apt,2.0,"$138,760.33",14,2026-06-18,5.0
494886007,-34.605145,-58.3860915,San Nicolas,Entire home/apt,1.0,"$126,557.00",96,2026-07-19,4.77
3798658,-34.57977,-58.42969,Palermo,Entire home/apt,,"$138,357.00",184,2026-07-22,4.68
699579415,-34.60817,-58.379876,San Nicolas,Hotel room,1.0,"$291,571.00",0,,
100801534,-34.585,-58.42253,Palermo,Private room,,"$41,083.00",108,2026-06-14,4.94
133920434,-34.58521,-58.42434,Palermo,Entire home/apt,1.0,"$106,737.38",2,2022-11-22,5.0
492286441,-34.60812,-58.38227,San Nicolas,Entire home/apt,1.0,"$69,874.25",79,2026-07-16,4.48
20736901,-34.6028219,-58.43303580000001,Almagro,Entire home/apt,1.0,"$84,443.00",18,2026-07-20,4.72
190618901,-34.61828130491421,-58.37010283023118,San Telmo,Entire home/apt,1.0,"$83,259.50",29,2026-06-05,4.93
496775209,-34.60993,-58.38927,Monserrat,Entire home/apt,2.0,"$123,544.00",0,,
374872974,-34.6238,-58.37204,San Telmo,Entire home/apt,,"$90,972.00",6,2026-07-08,4.5
22692794,-34.5783633359986,-58.41394125396729,Palermo,Entire home/apt,,"$69,959.20",52,2026-06-17,4.77
455008453,-34.56056,-58.4623,Belgrano,Entire home/apt,1.0,"$76,462.50",29,2026-06-30,4.97
21464756,-34.59555,-58.4331,Villa Crespo,Private room,,"$48,595.50",15,2026-07-12,4.93
107571342,-34.573118,-58.4230651,Palermo,Entire home/apt,1.0,,79,2025-06-25,4.87
73444249,-34.59482955932617,-58.44313049316406,Villa Crespo,Entire home/apt,1.0,"$53,600.25",495,2026-07-20,4.83
12094796,-34.58529,-58.44231,Palermo,Entire home/apt,1.0,"$84,467.18",11,2024-12-15,4.82
277221135,-34.58786,-58.39266,Recoleta,Entire home/apt,1.0,"$171,223.02",4,2026-07-19,5.0
492934057,-34.584497189492026,-58.438650369644165,Palermo,Entire home/apt,1.0,"$163,332.00",6,2026-07-19,5.0
687318176,-34.60059,-58.42908,Almagro,Private room,,"$74,445.00",10,2026-04-21,4.7
246802579,-34.62812,-58.37386,Barracas,Shared room,1.0,"$62,941.00",4,2022-11-06,5.0
242976869,-34.587556,-58.40280970000001,Recoleta,Entire home/apt,1.0,"$95,016.48",1,2026-04-11,5.0
58912049,-34.629783630371094,-58.36207962036133,Boca,Entire home/apt,1.0,"$48,255.25",7,2026-03-29,4.86
100089327,-34.5484018,-58.45715689999999,Nuñez,Entire home/apt,1.0,"$160,800.74",14,2026-03-14,4.79
540031143,-34.5936172,-58.40169539999999,Recoleta,Entire home/apt,1.0,"$8,037.73",12,2024-03-02,5.0
20227256,-34.55123,-58.44539,Belgrano,Entire home/apt,3.0,"$276,593.08",28,2026-03-28,4.86
41964580,-34.58582,-58.44017,Palermo,Entire home/apt,1.0,"$101,245.00",62,2026-07-19,4.82
671543982,-34.59143,-58.427,Palermo,Entire home/apt,1.0,"$93,110.67",10,2026-07-21,4.6
97139531,-34.5781,-58.43782,Palermo,Entire home/apt,1.0,,123,2026-04-26,4.89
143426156,-34.6101045,-58.3878147,Monserrat,Entire home/apt,1.0,"$204,757.67",6,2026-02-16,4.83
141187294,-34.55339,-58.45515,Belgrano,Entire home/apt,2.0,,0,,
314448901,-34.59114,-58.44382,Chacarita,Private room,,"$45,226.35",0,,
710215330,-34.59078,-58.41412,Palermo,Entire home/apt,2.0,"$225,108.00",11,2026-07-17,4.91
38149783,-34.58548,-58.41649,Palermo,Entire home/apt,1.0,"$109,001.67",16,2026-02-27,4.88
26713867,-34.59686,-58.4082,Recoleta,Entire home/apt,1.0,"$145,415.67",34,2026-04-05,5.0
436895909,-34.60006,-58.37068,San Nicolas,Entire home/apt,1.0,"$376,226.33",105,2026-04-05,4.55
213372329,-34.60328,-58.37805,San Nicolas,Entire home/apt,1.0,"$118,933.00",0,,
11483615,-34.5901491,-58.3831296,Retiro,Entire home/apt,2.0,"$345,534.50",11,2025-08-11,4.64
333012829,-34.6145841,-58.3616214,Puerto Madero,Entire home/apt,1.0,,25,2026-07-10,4.88
61392362,-34.6273657,-58.44351760000001,Caballito,Entire home/apt,1.0,"$102,733.83",34,2026-02-17,4.85
2638657,-34.590443,-58.39251179999999,Recoleta,Entire home/apt,1.0,"$147,875.37",51,2026-07-01,4.8
182960400,-34.6026077183726,-58.38086016476155,San Nicolas,Entire home/apt,2.0,"$172,760.00",72,2026-06-07,4.71
455982220,-34.583904,-58.423698,Palermo,Entire home/apt,2.0,"$173,945.76",166,2026-07-15,4.75
74885919,-34.58311,-58.42362,Palermo,Entire home/apt,,"$158,689.37",250,2026-07-10,4.83
6780744,-34.5609509,-58.4739501,Coghlan,Private room,,"$33,981.93",5,2026-01-05,5.0
85187111,-34.56763818930033,-58.43431525010892,Palermo,Entire home/apt,1.0,"$75,432.00",6,2026-07-09,4.83
494531356,-34.61823,-58.37663,San Telmo,Entire home/apt,1.0,"$96,853.00",18,2026-04-21,4.44
163371874,-34.56335,-58.45261,Belgrano,Entire home/apt,,"$71,490.66",18,2020-03-20,4.94
81975318,-34.59452391724724,-58.39016810059547,Recoleta,Entire home/apt,1.0,"$166,109.00",69,2026-07-12,4.88
39653270,-34.6040249,-58.4271858,Almagro,Entire home/apt,1.0,"$67,993.00",0,,
35395511,-34.5637957,-58.44316269999999,Belgrano,Entire home/apt,1.0,"$142,603.22",11,2025-02-28,5.0
21381090,-34.58044,-58.43097,Palermo,Private room,,"$76,781.00",22,2025-11-23,4.36
397164359,-34.5674903,-58.4565661,Belgrano,Entire home/apt,1.0,"$137,292.00",26,2026-07-18,4.92
36691391,-34.6162268,-58.37360659999999,San Telmo,Entire home/apt,2.0,"$89,714.14",2,2026-05-26,5.0
1699289141434897893,-34.56885,-58.48827,Villa Urquiza,Entire home/apt,1.0,"$129,037.67",0,,
39636504,-34.5837071,-58.47555329999999,Parque Chas,Entire home/apt,1.0,"$62,037.33",19,2026-07-17,4.74
510617371,-34.62145,-58.4109,San Cristobal,Entire home/apt,2.0,"$159,714.00",43,2026-07-04,4.79
536654280,-34.5979,-58.37742,Retiro,Entire home/apt,3.0,"$276,992.42",24,2026-07-20,4.92
163445938,-34.58321,-58.42338,Palermo,Entire home/apt,1.0,"$92,141.41",39,2026-06-14,4.95
4152128,-34.5828051,-58.4056431,Palermo,Entire home/apt,1.0,"$126,596.67",14,2026-06-07,4.93
173278306,-34.60347,-58.40985,Balvanera,Entire home/apt,1.0,"$111,667.50",0,,
22710429,-34.5967283,-58.429497,Villa Crespo,Entire home/apt,1.0,"$105,792.91",13,2026-06-30,4.62
1875949,-34.58593,-58.42494,Palermo,Entire home/apt,3.0,"$680,439.14",66,2026-03-20,4.73
12553064,-34.58629,-58.42465,Palermo,Entire home/apt,,"$73,203.01",2,2025-08-04,4.5
73152131,-34.5683218,-58.44920719999999,Colegiales,Entire home/apt,1.0,"$69,323.00",3,2026-03-27,5.0
197330261,-34.5647741,-58.4393106,Palermo,Entire home/apt,,"$61,229.27",0,,
179573118,-34.5425907,-58.4623336,Nuñez,Entire home/apt,1.0,"$77,594.00",12,2026-05-26,4.33
36156665,-34.571669322894365,-58.44416483386842,Colegiales,Entire home/apt,1.0,"$13,625.53",0,,
261790879,-34.59017,-58.42517,Palermo,Entire home/apt,3.0,"$237,873.50",194,2026-07-05,4.93
187656477,-34.5905583,-58.43423909999999,Palermo,Entire home/apt,1.0,"$63,648.66",11,2025-11-17,5.0
54137991,-34.58322,-58.43505,Palermo,Entire home/apt,1.0,"$103,458.00",3,2025-05-04,2.67
26789234,-34.58275,-58.444,Palermo,Entire home/apt,1.0,"$110,136.67",10,2026-06-10,4.8
472206040,-34.5907705,-58.38705649999999,Recoleta,Entire home/apt,1.0,"$140,701.00",20,2026-07-02,5.0
2248575,-34.6155565,-58.3788364,Monserrat,Entire home/apt,1.0,"$84,917.00",27,2026-02-22,4.85
205138745,-34.59962,-58.3798,San Nicolas,Entire home/apt,2.0,"$121,201.33",111,2026-06-27,4.73
212965867,-34.58364,-58.43689,Palermo,Entire home/apt,4.0,"$196,473.98",208,2026-07-20,4.86
722997725,-34.63068,-58.37188,Barracas,Private room,,"$56,579.00",0,,
802998,-34.57414,-58.43847,Palermo,Entire home/apt,1.0,"$13,520.90",2,2023-08-12,5.0
202735778,-34.5957608,-58.43889679999999,Villa Crespo,Entire home/apt,1.0,"$75,002.14",3,2025-12-02,3.33
1021694,-34.5822,-58.40914,Palermo,Entire home/apt,1.0,"$156,761.00",55,2026-06-09,4.58
517111838,-34.5857363,-58.4359694,Palermo,Entire home/apt,,"$98,964.67",77,2026-07-20,4.97
84932810,-34.586588368971604,-58.470951206982136,Villa Ortuzar,Entire home/apt,1.0,,3,2025-09-15,4.67
42514336,-34.59287,-58.39843,Recoleta,Entire home/apt,,"$61,257.43",10,2025-12-24,4.4
6407179,-34.57073,-58.4322,Palermo,Entire home/apt,,"$74,760.60",43,2026-06-27,4.77
153190460,-34.59797,-58.40603,Recoleta,Entire home/apt,1.0,"$124,993.00",0,,
50116965,-34.5838,-58.42243,Palermo,Entire home/apt,2.0,"$169,702.50",142,2026-07-10,4.69
22489609,-34.59215,-58.37996,Retiro,Entire home/apt,1.0,"$71,771.33",11,2026-07-10,5.0
481169920,-34.5774197,-58.4392087,Palermo,Entire home/apt,1.0,"$150,085.67",29,2026-06-30,4.69
576153263,-34.593636,-58.44400530000001,Villa Crespo,Private room,,"$72,000.00",36,2026-06-15,4.86
704522964,-34.5902468,-58.4466045,Chacarita,Entire home/apt,1.0,"$140,514.43",35,2026-07-21,4.6
196872732,-34.6412509,-58.52041759999999,Liniers,Entire home/apt,2.0,"$118,119.33",15,2026-06-29,4.67
523122576,-34.57913,-58.43312,Palermo,Entire home/apt,1.0,"$104,292.75",9,2026-05-18,4.67
239793930,-34.5907176,-58.41887389999999,Palermo,Entire home/apt,,"$78,250.67",2,2026-06-15,5.0
67204343,-34.623613,-58.3711389,San Telmo,Private room,1.0,"$43,056.50",91,2026-07-17,4.98
213193957,-34.58339,-58.4316,Palermo,Entire home/apt,1.0,"$160,053.20",3,2025-03-30,5.0
94856188,-34.59571,-58.42543,Palermo,Private room,1.0,"$47,847.67",10,2026-02-15,4.9
133920434,-34.57675,-58.42027,Palermo,Entire home/apt,,,5,2025-05-12,4.2
35592975,-34.5974201,-58.4146072,Recoleta,Entire home/apt,1.0,"$81,145.00",20,2026-06-21,4.95
487815127,-34.62089,-58.37005,San Telmo,Entire home/apt,1.0,"$104,667.00",111,2026-07-19,4.7
328159108,-34.60680389404297,-58.392459869384766,Balvanera,Entire home/apt,1.0,"$78,656.04",7,2026-07-20,4.14
112852550,-34.59577,-58.41865,Palermo,Private room,,"$32,112.17",2,2026-02-11,4.5
3057731,-34.5891452,-58.43354780000001,Palermo,Entire home/apt,1.0,"$162,290.00",29,2026-05-03,4.83
727644102,-34.59009,-58.39278,Recoleta,Private room,,"$183,914.00",1,2026-04-07,4.0
1436032,-34.57,-58.4358,Palermo,Entire home/apt,2.0,"$116,598.67",4,2026-02-15,5.0
35395511,-34.5811959,-58.4093628,Palermo,Entire home/apt,2.0,"$179,802.25",1,2026-07-06,5.0
13182901,-34.6265301,-58.3720694,San Telmo,Entire home/apt,1.0,"$92,206.33",18,2026-07-20,4.94
25138314,-34.6102257,-58.3782046,Monserrat,Private room,1.0,"$167,798.55",0,,
740183862,-34.590622,-58.3944202,Recoleta,Entire home/apt,2.0,"$325,324.00",16,2026-07-12,4.94
253720921,-34.59399,-58.39833,Recoleta,Entire home/apt,1.0,"$77,004.64",3,2026-07-16,4.67
5592836,-34.61544,-58.37759,Monserrat,Entire home/apt,2.0,"$199,165.40",80,2026-02-15,4.81
528303094,-34.58956,-58.43148,Palermo,Entire home/apt,1.0,"$90,686.10",22,2025-03-12,4.73
182060872,-34.5999888,-58.41234259999999,Almagro,Entire home/apt,1.0,"$69,603.22",29,2026-07-21,5.0
725350312,-34.577146,-58.4320232,Palermo,Private room,,"$194,381.00",0,,
155159631,-34.54829,-58.47934,Saavedra,Entire home/apt,1.0,"$237,873.50",4,2026-06-14,5.0
517496626,-34.5989244,-58.37603550000001,San Nicolas,Entire home/apt,2.0,"$182,813.00",3,2026-01-02,4.33
557227035,-34.58291,-58.43746,Palermo,Entire home/apt,1.0,"$39,639.00",0,,
190322292,-34.6226895,-58.43662029999999,Caballito,Entire home/apt,1.0,"$2,038,914.00",8,2024-05-01,5.0
562927732,-34.555257893325376,-58.45107881534424,Belgrano,Entire home/apt,1.0,"$115,531.50",3,2026-05-16,5.0
292733462,-34.61311,-58.51013,Villa Devoto,Private room,,"$36,076.00",0,,
5597544,-34.58914,-58.38204,Retiro,Entire home/apt,3.0,"$184,921.00",45,2026-05-17,4.73
114433028,-34.58711242675781,-58.40589904785156,Recoleta,Entire home/apt,1.0,"$109,212.01",116,2026-07-08,4.84
2905876,-34.595815,-58.4051447,Recoleta,Entire home/apt,1.0,"$90,810.67",3,2026-05-23,4.33
535009188,-34.60383724156124,-58.38783277301636,San Nicolas,Entire home/apt,,"$62,236.00",92,2026-07-19,4.92
756195869,-34.61422,-58.36823,Monserrat,Entire home/apt,1.0,"$184,765.00",7,2026-05-31,5.0
104944329,-34.58282,-58.42571,Palermo,Entire home/apt,1.0,"$79,413.67",1,2026-06-14,3.0
137402378,-34.59606,-58.39021,Recoleta,Entire home/apt,1.0,"$110,911.67",0,,
499647557,-34.588059999999984,-58.45154583068848,Chacarita,Entire home/apt,1.0,"$83,120.33",35,2025-10-13,4.63
2120738,-34.6086794,-58.3831544,Monserrat,Entire home/apt,1.0,"$72,219.88",52,2026-07-07,4.54
446518350,-34.59167,-58.42523,Palermo,Entire home/apt,2.0,"$199,291.30",197,2026-07-05,4.91
554828138,-34.55508,-58.48892,Saavedra,Entire home/apt,1.0,"$85,974.80",4,2024-10-16,4.5
36564453,-34.57224527093084,-58.429673351347446,Palermo,Private room,,"$68,894.00",0,,
154496179,-34.59049489712252,-58.40073845557023,Recoleta,Entire home/apt,2.0,"$84,750.00",17,2024-03-29,5.0
690023255,-34.55790040815759,-58.45689655951795,Belgrano,Entire home/apt,1.0,"$67,961.00",3,2026-07-11,5.0
13834947,-34.5585295,-58.44654009999999,Belgrano,Entire home/apt,,"$177,327.49",45,2026-03-24,4.8
49630147,-34.58975,-58.44673,Chacarita,Entire home/apt,1.0,"$61,480.01",8,2026-05-03,4.88
678997,-34.57597,-58.42313,Palermo,Entire home/apt,1.0,"$71,466.99",69,2026-06-05,4.77
3771282,-34.55396,-58.45953,Belgrano,Entire home/apt,2.0,"$288,846.00",18,2025-11-08,4.83
699579415,-34.5988286,-58.3742868,San Nicolas,Hotel room,1.0,"$184,296.00",0,,
719841284,-34.5758399,-58.4414408,Palermo,Entire home/apt,1.0,"$110,447.00",18,2026-04-05,4.94
2055785,-34.58315,-58.43386,Palermo,Entire home/apt,1.0,"$53,104.43",72,2026-01-01,4.85
164661793,-34.59445,-58.41793,Palermo,Entire home/apt,1.0,"$77,422.58",11,2026-07-11,4.82
1140421,-34.58254,-58.4261,Palermo,Entire home/apt,1.0,"$173,447.67",286,2026-07-23,4.98
698993760,-34.6052577,-58.4071228,Balvanera,Entire home/apt,1.0,"$87,844.85",10,2026-07-14,4.6
477687860,-34.59464,-58.42868,Palermo,Entire home/apt,1.0,"$63,276.00",7,2026-06-29,4.86
11157456,-34.58293,-58.42374,Palermo,Entire home/apt,1.0,"$181,971.00",34,2026-06-08,4.91
29210299,-34.580999,-58.432985,Palermo,Entire home/apt,,"$131,022.82",106,2026-07-21,4.9
11574284,-34.58808517456055,-58.42346954345703,Palermo,Private room,,"$23,891.88",11,2026-06-09,4.91
256086594,-34.60719,-58.3972,Balvanera,Entire home/apt,1.0,"$53,355.20",24,2026-06-26,5.0
69374290,-34.6059,-58.38814,San Nicolas,Private room,,"$142,934.00",0,,
213799039,-34.59798,-58.37332,Retiro,Entire home/apt,1.0,"$114,347.19",0,,
552605193,-34.616201034089606,-58.437365454631056,Caballito,Entire home/apt,1.0,"$108,161.88",139,2026-07-18,4.85
380602522,-34.5822864,-58.44856900000001,Chacarita,Entire home/apt,1.0,"$119,607.95",77,2026-07-17,4.95
24367295,-34.5850315,-58.4382539,Palermo,Entire home/apt,2.0,"$162,009.00",94,2026-06-28,4.81
481570784,-34.594337,-58.3973969,Recoleta,Entire home/apt,1.0,"$68,781.00",47,2026-06-15,4.91
11256892,-34.5948964,-58.3938341,Recoleta,Entire home/apt,1.0,"$67,285.61",69,2026-07-18,4.62
53078466,-34.57284,-58.44654,Colegiales,Entire home/apt,2.0,"$84,271.60",79,2025-05-07,4.84
179449463,-34.5808,-58.42553,Palermo,Entire home/apt,1.0,"$198,784.50",21,2025-11-19,4.86
546434823,-34.61516,-58.38956,Monserrat,Entire home/apt,,"$3,461,245.67",1,2024-07-04,5.0
39826338,-34.5861864,-58.4260272,Palermo,Entire home/apt,1.0,"$143,542.63",5,2026-07-12,5.0
584873158,-34.5834,-58.40614,Palermo,Entire home/apt,1.0,"$129,878.00",0,,
11416641,-34.5726988,-58.4859592,Villa Urquiza,Private room,,"$96,779.00",114,2026-07-20,4.75
14313118,-34.6029947,-58.3913785,San Nicolas,Entire home/apt,1.0,"$69,962.08",53,2026-07-07,4.62
152823938,-34.58849353505255,-58.38665180422973,Recoleta,Entire home/apt,1.0,"$237,871.00",9,2026-07-10,5.0
757215431,-34.58358,-58.43322,Palermo,Entire home/apt,1.0,"$71,771.36",3,2026-07-05,4.33
1031723,-34.6187,-58.37332,San Telmo,Private room,,"$55,324.00",130,2026-07-20,4.88
64887182,-34.58141,-58.41039,Palermo,Entire home/apt,1.0,"$143,333.50",91,2026-07-09,4.93
187124880,-34.6000135,-58.4123393,Almagro,Entire home/apt,1.0,"$87,079.00",64,2026-06-14,4.95
267922329,-34.58135,-58.43112,Palermo,Entire home/apt,1.0,"$94,835.33",122,2026-01-01,4.73
727903157,-34.5862097,-58.4427576,Chacarita,Entire home/apt,1.0,"$96,778.50",21,2026-06-18,4.86
435970371,-34.5916866,-58.4286274,Palermo,Entire home/apt,2.0,"$208,140.25",33,2026-07-21,4.7
340804861,-34.60584,-58.39707,Balvanera,Entire home/apt,2.0,,5,2023-12-20,4.4
7835382,-34.61928,-58.37106,San Telmo,Private room,,"$84,867.50",416,2026-06-28,4.96
231191930,-34.6190948,-58.453671,Caballito,Entire home/apt,1.0,"$113,751.64",73,2026-07-20,4.96
6999405,-34.58794,-58.43135,Palermo,Entire home/apt,2.0,"$108,461.09",293,2026-07-19,4.66
131361897,-34.60144,-58.43457,Villa Crespo,Entire home/apt,1.0,"$80,848.33",14,2026-04-11,4.86
506748159,-34.5855933,-58.41708320000001,Palermo,Entire home/apt,1.0,"$41,648.67",11,2026-05-31,5.0
159948511,-34.60307317875333,-58.38245286745909,San Nicolas,Entire home/apt,1.0,"$84,867.06",3,2026-06-28,5.0
699579860,-34.59703,-58.37547,Retiro,Hotel room,1.0,"$200,631.00",0,,
339897489,-34.5886,-58.39839,Recoleta,Entire home/apt,1.0,"$166,519.00",1,2026-02-17,5.0
192853733,-34.5936499,-58.3797484,Retiro,Entire home/apt,1.0,"$88,040.00",20,2026-06-27,4.5
143998717,-34.59744,-58.41874,Palermo,Entire home/apt,,"$56,161.50",10,2026-07-05,4.5
48064803,-34.58348,-58.42087,Palermo,Entire home/apt,1.0,"$116,134.00",47,2026-07-05,4.62
6306874,-34.590538024902344,-58.4194221496582,Palermo,Entire home/apt,,"$62,522.29",268,2026-03-23,4.69
9482591,-34.592711,-58.4118942,Recoleta,Private room,,"$28,885.00",25,2026-06-30,4.76
221630983,-34.58647,-58.43216,Palermo,Entire home/apt,1.0,"$189,147.50",48,2026-07-22,4.96
460080013,-34.61504,-58.37476,Monserrat,Entire home/apt,1.0,"$78,500.00",369,2026-05-17,4.6
552704166,-34.6115255,-58.37389779999999,Monserrat,Entire home/apt,1.0,"$118,933.00",74,2026-07-23,4.96
689682758,-34.60193,-58.43592,Villa Crespo,Private room,,"$47,764.00",4,2026-04-28,5.0
29693108,-34.60081582198193,-58.39016610912324,San Nicolas,Entire home/apt,1.0,"$75,838.36",2,2026-07-09,4.5
8514100,-34.5822401585218,-58.4283217619713,Palermo,Entire home/apt,1.0,"$141,446.00",11,2026-07-16,5.0
731075210,-34.6141403,-58.4173225,Almagro,Entire home/apt,1.0,,0,,
12450540,-34.580721,-58.409664,Palermo,Entire home/apt,1.0,"$131,794.43",1,2026-01-20,4.0
116701621,-34.61984,-58.39919,San Cristobal,Entire home/apt,3.0,"$123,232.00",76,2026-04-04,4.74
699579415,-34.5851694,-58.4360083,Palermo,Hotel room,1.0,"$297,552.00",0,,
335801616,-34.58948,-58.41845,Palermo,Private room,1.0,"$375,394.00",0,,
74672791,-34.61856,-58.44165,Caballito,Entire home/apt,1.0,"$61,045.00",167,2026-07-22,4.92
461203988,-34.5887845,-58.4138297,Palermo,Entire home/apt,1.0,"$120,600.56",5,2024-07-07,4.8
570079392,-34.60332,-58.39751,Balvanera,Entire home/apt,1.0,"$112,169.00",12,2026-07-17,4.83
143764460,-34.5782595,-58.406257,Palermo,Entire home/apt,1.0,,15,2026-03-04,4.73
557762251,-34.6067165,-58.3805721,San Nicolas,Entire home/apt,1.0,"$91,194.42",99,2026-07-19,4.92
30487380,-34.59659,-58.42188,Palermo,Entire home/apt,1.0,"$88,368.50",23,2026-07-23,5.0
469282547,-34.5877661,-58.40471770000001,Recoleta,Entire home/apt,2.0,"$121,473.00",20,2026-07-18,4.6
23748308,-34.5875272,-58.4396415,Palermo,Entire home/apt,,"$91,419.00",123,2026-07-14,4.7
179573118,-34.5968053,-58.424948,Palermo,Entire home/apt,1.0,"$76,306.00",82,2026-07-09,4.82
56537540,-34.57539,-58.43312,Palermo,Entire home/apt,1.0,"$251,715.81",0,,
10966956,-34.58414,-58.42888,Palermo,Entire home/apt,1.0,"$145,167.50",117,2026-05-04,4.68
599418352,-34.5982069,-58.37794339999999,Retiro,Entire home/apt,1.0,"$61,424.50",6,2025-01-14,4.67
269262389,-34.5859507,-58.4376452,Palermo,Entire home/apt,1.0,"$150,271.50",21,2026-07-18,4.95
48064803,-34.58317,-58.43241,Palermo,Entire home/apt,1.0,"$144,422.89",43,2026-05-18,4.67
45589775,-34.58625,-58.40698,Recoleta,Entire home/apt,2.0,"$49,124.72",41,2025-12-22,4.71
548603916,-34.5830169,-58.4741286,Parque Chas,Entire home/apt,1.0,"$47,997.07",10,2026-06-01,4.8
182226721,-34.58812,-58.40824,Recoleta,Entire home/apt,2.0,,2,2026-07-05,5.0
39645251,-34.58639,-58.41249,Palermo,Entire home/apt,1.0,"$139,992.50",34,2023-03-19,4.94
558351136,-34.62617,-58.44428,Caballito,Entire home/apt,5.0,"$1,286,936.00",1,2024-07-21,5.0
101877506,-34.5953514,-58.4156202,Palermo,Entire home/apt,2.0,"$188,400.00",81,2026-07-16,4.9
114433028,-34.5904231,-58.4172308,Palermo,Entire home/apt,2.0,"$152,716.00",49,2026-07-22,4.82
87197898,-34.62287,-58.37239,San Telmo,Private room,1.0,"$47,645.00",8,2026-07-02,4.63
1021694,-34.59523,-58.38351,Retiro,Entire home/apt,1.0,,1,2026-03-12,3.0
16000925,-34.59227,-58.41235,Recoleta,Entire home/apt,1.0,"$108,169.63",17,2026-02-28,4.88
406111663,-34.6122556,-58.4716306,Villa Gral. Mitre,Entire home/apt,1.0,"$84,956.50",36,2025-08-25,4.67
55049605,-34.59861,-58.43898,Villa Crespo,Entire home/apt,1.0,"$127,933.37",20,2026-07-07,4.8
172359587,-34.58845,-58.42609,Palermo,Entire home/apt,1.0,"$176,607.33",4,2023-03-31,4.5
172918893,-34.56881,-58.44981,Colegiales,Entire home/apt,1.0,,72,2025-12-20,4.96
1315180,-34.5680382,-58.4308308,Palermo,Entire home/apt,1.0,"$196,612.00",83,2026-06-07,4.81
699579415,-34.5855776,-58.388839,Recoleta,Hotel room,1.0,"$257,579.00",0,,
62424978,-34.6000777,-58.4376678,Villa Crespo,Private room,,"$50,026.90",2,2026-06-27,5.0
121560929,-34.60263,-58.41812,Almagro,Entire home/apt,1.0,"$87,390.83",30,2026-03-18,4.8
212825220,-34.61664,-58.37587,San Telmo,Entire home/apt,1.0,"$65,511.50",0,,
552605193,-34.5926503,-58.40305009999999,Recoleta,Private room,,"$87,783.00",11,2026-07-22,5.0
717700904,-34.63925,-58.4805,Parque Avellaneda,Entire home/apt,,"$78,355.00",7,2026-07-14,5.0
22044066,-34.57226,-58.48604,Villa Urquiza,Entire home/apt,1.0,"$48,927.11",48,2026-07-23,4.6
481131300,-34.61852,-58.37439,San Telmo,Entire home/apt,1.0,"$74,762.00",20,2026-03-31,4.95
6242633,-34.59509,-58.44282,Villa Crespo,Entire home/apt,1.0,"$107,200.50",60,2026-06-27,4.78
386124239,-34.537622,-58.46588599999999,Nuñez,Entire home/apt,2.0,"$191,472.00",81,2026-07-17,4.91
454407736,-34.586981696214885,-58.41478709131479,Palermo,Entire home/apt,1.0,"$159,399.31",114,2026-07-20,4.94
551573769,-34.64774,-58.43696,Flores,Private room,,"$30,582.00",2,2025-03-09,5.0
22937028,-34.584123292383985,-58.44297586091236,Palermo,Entire home/apt,2.0,,0,,
541842799,-34.584698099999976,-58.4420559888855,Palermo,Entire home/apt,1.0,"$77,422.58",19,2026-07-14,4.84
492286441,-34.60737,-58.38613,San Nicolas,Entire home/apt,,"$47,203.86",6,2026-03-08,4.17
533629978,-34.6194164,-58.44059720000001,Caballito,Entire home/apt,,"$104,719.33",14,2025-12-31,4.5
677661228,-34.61638,-58.37105,San Telmo,Private room,,"$96,927.12",4,2026-02-16,4.75
67086449,-34.61545,-58.41798,Almagro,Entire home/apt,2.0,"$368,204.00",24,2026-06-18,4.88
86063081,-34.62743792927698,-58.37087961428876,Barracas,Entire home/apt,1.0,"$77,423.00",12,2026-07-21,5.0
576602001,-34.58541,-58.42792,Palermo,Entire home/apt,2.0,"$293,768.96",165,2026-07-16,4.9
55553719,-34.6044731,-58.39872200000001,Balvanera,Entire home/apt,2.0,"$182,237.33",0,,
85914332,-34.6023504,-58.4864434,Villa Del Parque,Entire home/apt,2.0,"$105,712.67",1,2025-01-21,5.0
216975304,-34.59521,-58.42995,Villa Crespo,Entire home/apt,1.0,"$68,252.67",0,,
7667381,-34.5932,-58.40215,Recoleta,Entire home/apt,,"$114,381.10",17,2024-11-04,4.53
99052785,-34.57008,-58.488247,Villa Urquiza,Entire home/apt,2.0,"$215,458.25",74,2026-07-13,5.0
78527257,-34.5938154,-58.4461939,Villa Crespo,Entire home/apt,1.0,"$77,503.50",57,2026-07-23,4.98
102344582,-34.58335,-58.42791,Palermo,Entire home/apt,1.0,"$81,982.50",68,2026-04-05,4.99
679978311,-34.57352,-58.44153,Palermo,Entire home/apt,1.0,"$84,867.50",86,2026-07-11,4.99
142212691,-34.61384747226828,-58.37474774569273,Monserrat,Entire home/apt,1.0,,8,2026-03-21,4.88
22694851,-34.59462,-58.44301,Villa Crespo,Entire home/apt,1.0,"$81,889.26",321,2026-06-24,4.83
467676607,-34.57981,-58.41395,Palermo,Entire home/apt,1.0,"$79,344.68",0,,
44168030,-34.5522301,-58.4532219,Belgrano,Entire home/apt,1.0,"$87,160.00",3,2026-07-23,4.67
43100198,-34.58028,-58.43125,Palermo,Entire home/apt,1.0,"$78,749.08",154,2026-07-05,4.68
240979,-34.59124,-58.40276,Recoleta,Entire home/apt,1.0,"$77,967.00",36,2026-04-15,4.97
13154195,-34.60239,-58.42629,Almagro,Entire home/apt,1.0,"$80,199.50",11,2026-05-24,4.55
405718686,-34.60175,-58.37846,San Nicolas,Entire home/apt,,"$82,406.75",9,2025-11-22,4.89
53363495,-34.595845,-58.3848736,Retiro,Entire home/apt,1.0,"$72,071.00",6,2026-07-20,4.17
101877506,-34.5703008,-58.4797258,Villa Urquiza,Entire home/apt,3.0,"$277,679.06",90,2026-07-12,4.92
731624856,-34.573884,-58.42003140000001,Palermo,Entire home/apt,1.0,"$90,385.00",6,2026-07-17,5.0
50136237,-34.59253,-58.39721,Recoleta,Entire home/apt,3.0,"$197,520.75",55,2026-07-12,4.84
14481268,-34.54923,-58.46605,Nuñez,Entire home/apt,1.0,"$133,256.50",27,2026-07-18,4.96
112852550,-34.5962144,-58.42326430000001,Palermo,Private room,8.0,"$32,417.00",1,2023-11-27,5.0
5998203,-34.58475,-58.41954,Palermo,Entire home/apt,3.0,"$100,915.96",19,2025-12-28,4.16
319331552,-34.58864,-58.4235,Palermo,Private room,,"$32,895.29",69,2026-05-03,4.93
380602522,-34.5800229,-58.42524210000001,Palermo,Entire home/apt,1.0,"$87,845.00",15,2026-07-15,4.73
87710233,-34.55647,-58.44514,Belgrano,Entire home/apt,1.0,"$58,052.17",27,2026-05-16,4.67
2597734,-34.58065,-58.43141,Palermo,Entire home/apt,,"$102,673.00",41,2026-03-26,4.8
119446,-34.59272,-58.3894,Recoleta,Entire home/apt,1.0,"$114,645.00",118,2026-01-10,4.72
25224532,-34.58287,-58.45621,Chacarita,Entire home/apt,2.0,"$85,479.00",29,2026-06-15,4.83
1538637,-34.5860595703125,-58.424095153808594,Palermo,Entire home/apt,1.0,,33,2026-07-05,4.94
63747486,-34.6243826,-58.37486570000001,San Telmo,Entire home/apt,1.0,"$86,217.78",48,2026-07-06,4.83
290832411,-34.61457,-58.3723,Monserrat,Entire home/apt,2.0,"$85,318.15",143,2026-07-07,4.82
744330040,-34.60783500000001,-58.38738459999999,San Nicolas,Private room,,"$159,312.00",0,,
6130780,-34.59328936978907,-58.42979103326797,Palermo,Entire home/apt,1.0,"$133,449.79",124,2026-07-17,4.98
395593584,-34.6121554,-58.3873471,Monserrat,Entire home/apt,1.0,"$113,120.00",0,,
7408550,-34.58654972712738,-58.47106486558914,Villa Ortuzar,Entire home/apt,1.0,"$13,828.92",0,,
502461557,-34.63182,-58.37909,Barracas,Entire home/apt,1.0,"$84,868.00",3,2026-03-29,5.0
1683002945135878294,-34.5978427,-58.38027639999999,Retiro,Entire home/apt,1.0,"$77,423.00",12,2026-07-20,4.17
56584002,-34.58703,-58.44016,Palermo,Entire home/apt,2.0,"$133,375.33",193,2026-07-12,4.75
22856409,-34.58548,-58.44303,Palermo,Entire home/apt,,"$78,712.96",70,2026-06-21,4.93
91174883,-34.60304,-58.37111,San Nicolas,Entire home/apt,2.0,"$333,513.00",2,2025-10-27,5.0
191183434,-34.5904296,-58.386727,Recoleta,Entire home/apt,4.0,"$256,834.52",9,2026-07-12,5.0
49692772,-34.55953,-58.44659,Belgrano,Entire home/apt,2.0,"$1,499,955.57",31,2022-01-11,5.0
6906829,-34.61513,-58.39107,Monserrat,Entire home/apt,1.0,"$123,579.00",10,2026-05-18,4.7
9055366,-34.60844,-58.43129,Caballito,Entire home/apt,,,20,2026-05-22,4.8
153190460,-34.60391,-58.501,Villa Del Parque,Entire home/apt,3.0,"$625,336.50",15,2026-05-23,4.87
167911978,-34.603886,-58.384327,San Nicolas,Entire home/apt,,"$103,670.00",91,2026-07-12,4.99
533837700,-34.59894,-58.37779,San Nicolas,Entire home/apt,1.0,"$94,900.81",79,2026-07-09,4.82
311385811,-34.5905501,-58.4337441,Palermo,Entire home/apt,1.0,"$175,715.00",244,2026-06-28,4.91
710198008,-34.59133260534389,-58.41594940310834,Palermo,Entire home/apt,,"$81,393.00",13,2026-07-19,4.77
25694574,-34.6142245,-58.3797713,Monserrat,Entire home/apt,1.0,"$68,489.21",13,2026-07-22,4.85
260669226,-34.5856,-58.44238,Palermo,Entire home/apt,1.0,"$336,023.50",1,2022-07-03,5.0
183214693,-34.60951,-58.38421,Monserrat,Entire home/apt,1.0,"$83,900.67",122,2025-11-06,4.58
8143435,-34.5534032,-58.45834499999999,Belgrano,Entire home/apt,1.0,"$94,545.00",113,2026-07-18,4.89
5791622,-34.59234444315728,-58.42682598095094,Palermo,Entire home/apt,2.0,"$219,751.09",40,2026-07-12,4.98
112852550,-34.580407,-58.4357544,Palermo,Private room,1.0,"$31,942.72",0,,
10832119,-34.58348,-58.44441,Palermo,Entire home/apt,1.0,"$115,985.00",203,2026-06-20,4.76
715874659,-34.56701,-58.44545,Palermo,Entire home/apt,1.0,"$95,543.00",48,2026-06-07,4.94
140656316,-34.56323,-58.44157,Palermo,Entire home/apt,1.0,"$215,785.75",10,2026-03-24,5.0
149687986,-34.62118011309953,-58.36106065767213,Puerto Madero,Entire home/apt,2.0,"$312,669.00",3,2022-12-11,5.0
381060517,-34.59206,-58.43677,Villa Crespo,Entire home/apt,1.0,"$96,779.00",97,2026-07-12,4.89
220569927,-34.58765,-58.4335,Palermo,Entire home/apt,1.0,"$230,779.00",30,2026-01-24,4.97
116120207,-34.54312,-58.47273,Saavedra,Private room,,"$144,423.00",11,2025-11-15,5.0
310734662,-34.5795471,-58.4314642,Palermo,Entire home/apt,1.0,"$141,300.00",12,2026-07-18,4.83
3165566,-34.58101,-58.40711,Palermo,Entire home/apt,2.0,"$122,611.57",305,2026-04-18,4.75
538875867,-34.59611,-58.41404,Recoleta,Entire home/apt,,"$68,407.25",30,2026-06-25,4.97
746917295,-34.57847,-58.43389,Palermo,Entire home/apt,2.0,"$409,828.56",2,2026-07-13,5.0
1875949,-34.59195,-58.39428,Recoleta,Entire home/apt,3.0,"$426,142.33",30,2025-12-28,4.5
102527420,-34.59335,-58.39557,Recoleta,Entire home/apt,2.0,"$191,351.18",0,,
735458463,-34.56268,-58.45918,Belgrano,Entire home/apt,1.0,"$140,031.00",6,2026-04-05,5.0
713878677,-34.6158846,-58.3859891,Monserrat,Entire home/apt,1.0,"$42,660.00",3,2026-04-06,5.0
748697972,-34.5947988,-58.40484189999999,Recoleta,Private room,,"$44,858.00",0,,
508378428,-34.5891481,-58.43258969999999,Palermo,Entire home/apt,1.0,"$157,257.50",43,2026-07-12,4.95
314031255,-34.59612,-58.39251,Recoleta,Entire home/apt,1.0,"$123,798.33",123,2026-07-19,4.96
45391475,-34.5678631,-58.4550977,Colegiales,Entire home/apt,1.0,"$84,956.50",0,,
697731163,-34.59362719283044,-58.40107630938292,Recoleta,Entire home/apt,,"$67,286.00",20,2026-07-22,4.9
758728,-34.60321,-58.41016,Balvanera,Entire home/apt,1.0,"$98,951.00",5,2025-11-08,4.8
424840257,-34.59715,-58.41925,Palermo,Entire home/apt,1.0,"$71,467.00",3,2026-05-09,5.0
79648020,-34.61003,-58.39209,Balvanera,Entire home/apt,2.0,"$1,722,216.25",1,2022-11-24,5.0
1318605,-34.59117,-58.44092,Villa Crespo,Entire home/apt,1.0,"$37,327.07",17,2025-11-30,4.59
298193036,-34.58811,-58.40219,Recoleta,Entire home/apt,,"$124,885.00",145,2026-04-26,4.69
59882960,-34.57778,-58.42488,Palermo,Entire home/apt,1.0,"$64,618.07",89,2026-06-25,4.84
547527441,-34.61673,-58.38252,Monserrat,Shared room,1.0,"$59,556.00",3,2026-04-19,4.33
225942975,-34.59656,-58.42368,Palermo,Entire home/apt,,"$106,162.00",5,2026-07-19,5.0
6387991,-34.59608,-58.4157,Palermo,Entire home/apt,1.0,"$104,152.00",0,,
53808353,-34.5885543,-58.39162750000001,Recoleta,Entire home/apt,,"$524,835.75",32,2026-06-06,4.69
92615185,-34.57901,-58.43952,Palermo,Entire home/apt,1.0,"$132,088.50",183,2026-06-07,4.89
67086449,-34.59264,-58.39442,Recoleta,Entire home/apt,1.0,"$172,225.50",21,2025-11-22,4.76
672477774,-34.5871985,-58.4336455,Palermo,Entire home/apt,1.0,"$114,109.00",0,,
77321644,-34.558305,-58.47756680000001,Coghlan,Entire home/apt,2.0,"$68,001.35",4,2026-04-19,5.0
25295025,-34.5974245,-58.4044609,Recoleta,Entire home/apt,,"$83,294.00",20,2026-05-15,4.85
24367295,-34.58106110186462,-58.40937573462725,Palermo,Entire home/apt,2.0,,71,2026-06-29,4.79
293233386,-34.6092343,-58.3765926,Monserrat,Entire home/apt,1.0,"$54,607.00",23,2026-07-05,4.78
431557616,-34.60292,-58.37771,San Nicolas,Entire home/apt,1.0,"$53,749.50",98,2026-07-04,4.69
11546898,-34.57939290000001,-58.41236369999999,Palermo,Entire home/apt,1.0,"$98,966.80",19,2026-07-11,4.89
220409424,-34.58645,-58.41078,Palermo,Entire home/apt,2.0,"$258,829.67",17,2025-12-21,4.41
90472724,-34.5776708,-58.437772,Palermo,Entire home/apt,1.0,"$195,353.33",0,,
104307993,-34.59836,-58.44911,Villa Crespo,Entire home/apt,1.0,"$94,297.00",7,2026-06-14,5.0
658518515,-34.6096265,-58.4323139,Caballito,Entire home/apt,2.0,"$81,974.33",1,2025-12-14,5.0
99952072,-34.58669657319501,-58.42771869152784,Palermo,Entire home/apt,1.0,"$125,067.50",66,2026-06-15,4.82
108338337,-34.58684,-58.42674,Palermo,Entire home/apt,1.0,"$129,681.80",18,2026-07-12,5.0
194103410,-34.58594,-58.41108,Palermo,Entire home/apt,2.0,"$155,217.50",116,2026-07-19,4.89
454407736,-34.5971421,-58.4048842,Recoleta,Entire home/apt,1.0,"$110,439.00",68,2026-07-13,4.9
450612472,-34.5983108,-58.3725839,Retiro,Entire home/apt,1.0,"$96,034.00",26,2026-03-19,4.69
13182901,-34.5818273,-58.43073629999999,Palermo,Entire home/apt,1.0,"$150,520.40",3,2026-06-02,5.0
56539556,-34.5775,-58.43064,Palermo,Entire home/apt,1.0,"$86,948.00",44,2026-05-31,4.57
20981218,-34.58678,-58.4417,Chacarita,Entire home/apt,1.0,"$74,444.79",202,2026-07-04,4.83
20308998,-34.581222,-58.40848930000001,Palermo,Entire home/apt,1.0,"$92,142.60",75,2026-06-27,4.84
4857924,-34.63101,-58.40727,Parque Patricios,Entire home/apt,1.0,"$142,725.67",5,2024-12-02,5.0
15783967,-34.6033,-58.37934,San Nicolas,Entire home/apt,1.0,"$92,316.00",17,2024-08-14,4.88
676492018,-34.60396,-58.38859,San Nicolas,Entire home/apt,2.0,"$20,306.41",0,,
45139632,-34.56654,-58.44191,Palermo,Private room,,"$73,009.00",94,2026-02-17,4.84
708296442,-34.60089,-58.37342,San Nicolas,Entire home/apt,2.0,"$91,509.00",10,2026-06-16,5.0
43078874,-34.5680709,-58.45814590000001,Belgrano,Entire home/apt,,"$88,690.75",69,2026-07-12,4.78
87216832,-34.5909482,-58.4358999,Villa Crespo,Entire home/apt,1.0,"$135,922.00",1,2026-02-15,5.0
478847546,-34.61214,-58.39021,Monserrat,Entire home/apt,1.0,"$55,089.33",16,2026-07-20,4.81
730889406,-34.58615,-58.42999,Palermo,Private room,,"$86,724.00",3,2026-05-04,5.0
166008283,-34.5671755,-58.4424985,Palermo,Entire home/apt,1.0,"$75,934.00",19,2026-07-17,5.0
142311241,-34.57886,-58.45869,Chacarita,Entire home/apt,1.0,"$84,767.80",1,2026-07-19,5.0
1409800,-34.59091,-58.42775,Palermo,Entire home/apt,1.0,"$226,312.50",27,2025-09-05,4.81
519660058,-34.58887,-58.42729,Palermo,Entire home/apt,1.0,"$110,909.50",5,2026-05-03,5.0
542542323,-34.563959,-58.45669590000001,Belgrano,Entire home/apt,1.0,"$68,987.50",48,2026-05-31,3.9
399571000,-34.590641938936486,-58.42915702611208,Palermo,Entire home/apt,,"$128,641.00",46,2026-07-20,4.78
58504859,-34.60555,-58.41328,Balvanera,Entire home/apt,,"$4,247,731.00",2,2026-02-12,3.5
204339661,-34.6023,-58.38807,San Nicolas,Entire home/apt,2.0,"$79,846.00",192,2026-07-04,4.87
480717065,-34.6127985,-58.36776299999999,Monserrat,Entire home/apt,,"$100,567.50",8,2026-07-24,5.0
559984684,-34.6096346,-58.38686970000001,Monserrat,Entire home/apt,1.0,"$82,411.00",31,2026-06-14,5.0
704940179,-34.59615,-58.42532,Palermo,Entire home/apt,1.0,"$71,229.00",1,2026-07-04,5.0
51052765,-34.58434,-58.42437,Palermo,Entire home/apt,1.0,"$112,977.00",11,2026-06-14,4.82
71793018,-34.60015,-58.39186,San Nicolas,Entire home/apt,1.0,"$69,978.00",146,2026-07-05,4.66
11256892,-34.60202625099552,-58.372455798089504,San Nicolas,Entire home/apt,2.0,"$92,704.62",160,2026-07-22,4.68
430059500,-34.58555,-58.42901,Palermo,Entire home/apt,1.0,,6,2025-11-15,4.83
505954866,-34.5870162029224,-58.4150217846036,Palermo,Private room,,"$11,624.00",3,2023-04-30,5.0
716890137,-34.59336422450251,-58.42861015396727,Palermo,Entire home/apt,1.0,"$64,022.67",22,2026-07-06,4.95
93618205,-34.58965,-58.41744,Palermo,Entire home/apt,,"$91,005.33",11,2026-05-22,4.82
82525140,-34.60315,-58.49918,Villa Del Parque,Entire home/apt,2.0,"$48,537.98",0,,
512360757,-34.6246,-58.37597,San Telmo,Entire home/apt,,"$82,633.83",155,2026-07-13,4.93
105759150,-34.6227192,-58.3934249,San Cristobal,Entire home/apt,1.0,"$217,378.78",1,2026-07-12,5.0
749241958,-34.5985438,-58.3781687,Retiro,Entire home/apt,1.0,"$117,055.60",0,,
220569927,-34.59437,-58.44148,Villa Crespo,Entire home/apt,1.0,"$130,278.38",16,2026-07-15,5.0
158524646,-34.60388,-58.38685,San Nicolas,Entire home/apt,1.0,"$108,749.00",3,2025-09-22,4.67
160387010,-34.5789,-58.45873,Chacarita,Private room,,"$41,689.50",29,2026-06-10,5.0
14450833,-34.5663847,-58.44982820000001,Belgrano,Entire home/apt,2.0,"$330,137.82",2,2026-07-21,5.0
493031444,-34.6063027,-58.4099091,Balvanera,Private room,,"$30,322.00",3,2023-01-22,4.0
150999370,-34.60623,-58.42657,Almagro,Entire home/apt,1.0,,0,,
132838002,-34.58097,-58.40657,Palermo,Entire home/apt,2.0,"$211,871.50",6,2024-11-20,4.33
105367761,-34.61149,-58.43444,Caballito,Entire home/apt,1.0,"$135,513.00",16,2026-05-25,4.81
51409678,-34.59293,-58.39984,Recoleta,Entire home/apt,1.0,"$87,845.00",26,2026-05-08,4.81
34499766,-34.58763,-58.42188,Palermo,Entire home/apt,1.0,"$133,256.50",16,2026-07-13,4.31
131324633,-34.5904223,-58.4222785,Palermo,Entire home/apt,,"$68,978.00",10,2026-05-25,4.6
5998203,-34.58371,-58.41485,Palermo,Entire home/apt,1.0,"$58,742.43",5,2022-07-03,5.0
533993952,-34.61209675005667,-58.37673609952293,Monserrat,Entire home/apt,1.0,"$68,340.33",66,2026-07-19,4.89
21782961,-34.61509,-58.38882,Monserrat,Entire home/apt,1.0,"$70,430.50",43,2026-07-06,4.77
76511994,-34.56132,-58.46618,Belgrano,Entire home/apt,2.0,,1,2025-04-19,5.0
8677205,-34.58438,-58.42074,Palermo,Entire home/apt,3.0,"$241,276.00",272,2026-07-03,4.82
553648519,-34.5551805,-58.49041059999999,Saavedra,Entire home/apt,,"$103,458.00",9,2026-05-11,5.0
508864158,-34.6303367,-58.37457620000001,Barracas,Private room,1.0,"$169,913.00",3,2025-11-16,3.67
24634778,-34.59337,-58.42649,Palermo,Entire home/apt,1.0,"$68,542.81",122,2026-05-04,4.9
508378428,-34.58937774335367,-58.43254678465573,Palermo,Entire home/apt,2.0,"$330,019.00",15,2026-07-18,4.93
371944501,-34.55826,-58.45498,Belgrano,Entire home/apt,1.0,"$79,857.00",50,2026-06-29,4.94
16330309,-34.57259,-58.49789,Villa Urquiza,Private room,,"$30,367.40",0,,
491478581,-34.5914479,-58.4262458,Palermo,Entire home/apt,,,11,2025-11-09,3.82
158977653,-34.59865,-58.39494,Recoleta,Entire home/apt,1.0,"$91,815.33",122,2026-06-25,4.8
45364379,-34.60239,-58.41902,Almagro,Entire home/apt,1.0,"$102,174.67",16,2026-07-22,4.69
95356187,-34.60261,-58.43467,Villa Crespo,Entire home/apt,1.0,"$74,757.50",35,2026-05-21,4.91
433962346,-34.56464,-58.45725,Belgrano,Entire home/apt,2.0,"$188,345.50",79,2026-07-19,4.81
132838002,-34.58276,-58.40721,Palermo,Entire home/apt,1.0,,2,2023-12-15,5.0
170629816,-34.57895,-58.44106,Colegiales,Entire home/apt,,"$127,992.00",67,2026-06-24,4.9
3836721,-34.61433,-58.3793,Monserrat,Entire home/apt,,"$59,466.67",4,2026-05-28,4.0
551405967,-34.60969,-58.38466,Monserrat,Entire home/apt,,"$65,043.00",4,2025-09-21,4.75
553790027,-34.5677221083722,-58.43408681719667,Palermo,Entire home/apt,1.0,"$13,895,434.67",1,2024-01-25,5.0
20840820,-34.56505,-58.44066,Palermo,Private room,,"$56,072.00",162,2026-06-26,4.94
692417762,-34.57411,-58.44769,Colegiales,Entire home/apt,1.0,"$102,734.00",29,2026-07-16,5.0
149687986,-34.6168594,-58.362649,Puerto Madero,Entire home/apt,1.0,"$205,021.00",122,2026-07-20,4.91
552605193,-34.5926503,-58.40305009999999,Recoleta,Private room,,"$81,057.00",4,2026-06-29,4.75
2823247,-34.6004272,-58.39707089999999,Balvanera,Entire home/apt,2.0,"$141,941.67",117,2026-07-23,4.77
207777907,-34.5722,-58.42877,Palermo,Entire home/apt,1.0,"$116,970.75",18,2025-12-10,4.67
669048434,-34.60294,-58.38285,San Nicolas,Entire home/apt,2.0,"$158,567.50",10,2026-07-09,4.8
663457365,-34.6103783,-58.4079134,Balvanera,Entire home/apt,1.0,"$203,890.00",0,,
10653064,-34.60702,-58.38347,San Nicolas,Private room,,"$39,825.00",222,2026-07-03,4.85
98006662,-34.582909,-58.434068,Palermo,Entire home/apt,1.0,,26,2026-04-01,4.69
46450962,-34.5924908,-58.4343201,Villa Crespo,Entire home/apt,1.0,"$66,002.20",17,2026-04-09,4.76
298874610,-34.5917273,-58.4281927,Palermo,Entire home/apt,2.0,"$179,109.80",0,,
35249369,-34.5778451,-58.43276969999999,Palermo,Entire home/apt,2.0,"$199,365.00",76,2026-07-19,4.76
50778624,-34.5794715,-58.4283705,Palermo,Entire home/apt,,"$99,757.00",284,2026-07-23,4.91
733752805,-34.57065,-58.48651,Villa Urquiza,Entire home/apt,1.0,"$67,969.00",0,,
514881816,-34.5583339,-58.4621284,Belgrano,Entire home/apt,1.0,"$88,695.71",24,2026-06-29,4.88
731624856,-34.576723017692515,-58.43460828065872,Palermo,Entire home/apt,1.0,"$88,386.40",5,2026-07-18,4.8
696438329,-34.61276318025625,-58.36729093121336,Monserrat,Entire home/apt,1.0,"$202,490.00",4,2026-04-12,4.25
85679506,-34.57831,-58.49387,Villa Urquiza,Entire home/apt,2.0,"$83,169.80",30,2026-07-04,4.87
112852550,-34.59499270000001,-58.4296641,Villa Crespo,Private room,7.0,"$26,913.28",0,,
546799560,-34.62639,-58.45411,Flores,Entire home/apt,1.0,"$59,555.83",20,2026-04-15,4.8
730030370,-34.60354,-58.38695,San Nicolas,Entire home/apt,1.0,"$5,552,301.84",1,2026-05-25,4.0
63122504,-34.58211236599538,-58.44728799814757,Chacarita,Entire home/apt,2.0,"$143,926.67",36,2026-07-12,5.0
447528670,-34.5558592,-58.4499061,Belgrano,Entire home/apt,1.0,"$150,379.00",48,2026-07-12,4.85
528447774,-34.5821763,-58.43372180000001,Palermo,Entire home/apt,1.0,"$255,949.67",68,2026-07-22,5.0
164141783,-34.61148075200289,-58.37407484650612,Monserrat,Entire home/apt,1.0,"$83,874.67",81,2026-04-30,4.9
113216415,-34.5732,-58.43792,Palermo,Entire home/apt,2.0,"$79,939.00",0,,
507393530,-34.55384,-58.4362,Belgrano,Entire home/apt,1.0,"$156,320.00",0,,
4149346,-34.5839059,-58.4256488,Palermo,Entire home/apt,2.0,"$199,242.50",24,2026-04-22,5.0
666699820,-34.6037836,-58.3880107,San Nicolas,Entire home/apt,2.0,"$128,202.00",34,2026-07-11,5.0
455365425,-34.6106858,-58.4411498,Caballito,Entire home/apt,1.0,"$78,351.67",55,2026-04-19,4.76
12450540,-34.57096,-58.43284,Palermo,Entire home/apt,1.0,"$158,815.67",3,2025-12-19,4.33
469282547,-34.6045973,-58.39426659999999,Balvanera,Entire home/apt,,"$79,179.50",8,2026-07-12,4.88
36611231,-34.58508,-58.42597,Palermo,Private room,,"$43,362.00",23,2026-07-07,4.48
114765549,-34.58107,-58.43689,Palermo,Entire home/apt,2.0,"$231,462.60",72,2026-07-18,4.78
534405185,-34.59259496416678,-58.39092807301635,Recoleta,Entire home/apt,3.0,"$126,582.19",22,2025-07-29,4.64
504766523,-34.5649639,-58.4357396,Palermo,Entire home/apt,2.0,"$86,653.80",18,2024-12-30,4.83
271103977,-34.6085663,-58.3974879,Balvanera,Entire home/apt,1.0,"$90,905.00",8,2025-12-29,5.0
287853027,-34.59253,-58.39397,Recoleta,Entire home/apt,1.0,"$109,732.00",117,2026-07-19,4.78
548877579,-34.602,-58.41014,Balvanera,Entire home/apt,1.0,"$92,609.50",11,2026-07-12,5.0
1875949,-34.58313,-58.42428,Palermo,Entire home/apt,3.0,"$640,708.60",5,2022-11-13,5.0
245503110,-34.60258,-58.37637,San Nicolas,Entire home/apt,1.0,"$62,995.18",53,2026-07-16,4.89
306965839,-34.58831,-58.45032,Chacarita,Entire home/apt,2.0,"$101,058.25",68,2026-07-13,4.99
29570337,-34.5916464,-58.3972115,Recoleta,Entire home/apt,1.0,"$92,116.00",4,2024-12-17,4.5
11256892,-34.59349222988662,-58.401030376553535,Recoleta,Entire home/apt,1.0,"$71,023.70",113,2026-07-08,4.6
92827643,-34.54066,-58.47679,Saavedra,Private room,,,55,2026-05-02,4.69
123659396,-34.6313,-58.50587,Villa Luro,Entire home/apt,2.0,"$86,654.00",141,2026-06-19,4.87
17922601,-34.57790672343661,-58.43821987509728,Palermo,Entire home/apt,1.0,"$226,545.67",59,2025-12-14,4.83
166596392,-34.60269,-58.41124,Balvanera,Entire home/apt,1.0,"$89,200.00",24,2026-07-09,4.88
655370879,-34.6154657,-58.38206210000001,Monserrat,Entire home/apt,,"$65,700.00",5,2024-12-03,4.0
294583885,-34.585859055667505,-58.41779745211487,Palermo,Entire home/apt,1.0,"$77,160.33",83,2026-07-14,4.8
700260912,-34.5843442,-58.4430254,Palermo,Entire home/apt,1.0,"$118,397.00",1,2026-07-12,5.0
6938236,-34.58344,-58.42586,Palermo,Entire home/apt,1.0,"$95,979.25",25,2016-01-03,4.54
492286441,-34.60747,-58.38725,San Nicolas,Entire home/apt,1.0,"$63,897.50",85,2026-01-23,4.62
520004669,-34.62475,-58.47321,Flores,Entire home/apt,1.0,"$138,127.50",6,2026-02-15,4.83
25295025,-34.5816781,-58.4243175,Palermo,Entire home/apt,1.0,"$161,485.50",1,2026-07-21,5.0
27248908,-34.5805439,-58.4264091,Palermo,Entire home/apt,2.0,"$152,068.50",126,2026-07-05,4.92
11256892,-34.592769622802734,-58.40293884277344,Recoleta,Entire home/apt,1.0,"$95,695.50",90,2026-06-29,4.68
23021913,-34.5793909,-58.44061259999999,Palermo,Entire home/apt,,"$158,869.00",103,2026-06-24,4.9
552180785,-34.5772297,-58.4132954,Palermo,Entire home/apt,1.0,"$121,792.00",38,2026-07-01,4.71
59917333,-34.58778,-58.40618,Recoleta,Entire home/apt,1.0,"$101,245.00",16,2026-07-01,4.69
2017830,-34.5901024,-58.4084415,Recoleta,Entire home/apt,2.0,"$343,875.36",5,2026-05-03,5.0
151261371,-34.61353,-58.41983,Almagro,Entire home/apt,,"$46,269.47",15,2026-04-22,4.4
1684834950003188775,-34.6120649,-58.4072954,Balvanera,Private room,,"$53,005.00",0,,
29408003,-34.60745,-58.40564,Balvanera,Entire home/apt,3.0,"$199,746.50",20,2026-07-13,4.25
9745416,-34.58615,-58.43789,Palermo,Entire home/apt,1.0,"$319,368.50",5,2026-07-14,4.8
170629816,-34.57843,-58.43923,Palermo,Entire home/apt,2.0,"$204,757.57",163,2026-07-09,4.87
660868175,-34.62183,-58.37227,San Telmo,Entire home/apt,1.0,"$41,627.43",0,,
87216832,-34.5632528,-58.4628262,Belgrano,Entire home/apt,1.0,"$104,098.00",4,2024-01-21,5.0
251130690,-34.58759,-58.41921,Palermo,Entire home/apt,,"$95,785.63",60,2026-07-14,4.73
5405916,-34.58141,-58.44047,Palermo,Entire home/apt,,"$101,078.00",161,2026-07-20,4.88
206442296,-34.61332,-58.37274,Monserrat,Entire home/apt,1.0,"$91,957.00",53,2026-05-13,4.91
503359839,-34.5834732,-58.39965439999999,Recoleta,Entire home/apt,1.0,"$99,905.00",211,2026-06-21,4.83
465391183,-34.6106772,-58.41698599999999,Almagro,Entire home/apt,1.0,"$74,445.00",28,2026-06-28,4.68
164549083,-34.5538161,-58.4496626,Belgrano,Entire home/apt,1.0,"$144,423.00",40,2026-06-29,4.8
687418172,-34.60352,-58.40934,Balvanera,Entire home/apt,1.0,"$93,557.33",4,2026-06-08,5.0
70819079,-34.60705,-58.43138,Caballito,Entire home/apt,1.0,"$83,586.75",0,,
493868240,-34.61786,-58.37537,San Telmo,Entire home/apt,2.0,,1,2025-11-18,5.0
10058857,-34.5985286,-58.37817020000001,Retiro,Entire home/apt,,"$105,225.00",110,2026-07-19,4.95
73350585,-34.61910629272461,-58.38165283203125,Constitucion,Entire home/apt,1.0,"$173,704.67",9,2026-02-15,4.11
205138745,-34.5690301,-58.4451132,Palermo,Entire home/apt,,"$120,405.00",56,2026-06-24,4.88
358007800,-34.6212711,-58.37580810000001,San Telmo,Entire home/apt,,"$91,277.00",33,2026-06-28,4.79
174037973,-34.59393,-58.40326,Recoleta,Entire home/apt,3.0,"$281,104.33",118,2026-07-05,4.88
651736624,-34.582629,-58.4123144,Palermo,Entire home/apt,2.0,"$116,134.00",28,2026-07-09,4.89
386033175,-34.5878329,-58.4394854,Palermo,Entire home/apt,1.0,"$117,953.50",4,2025-11-18,4.75
139991440,-34.58472,-58.42375,Palermo,Entire home/apt,1.0,"$72,580.88",52,2026-05-31,4.65
1021694,-34.5946,-58.38381,Retiro,Entire home/apt,,"$154,922.00",0,,
757597,-34.58709,-58.38805,Recoleta,Entire home/apt,1.0,"$120,634.25",7,2026-06-28,5.0
171697812,-34.57848,-58.45641,Colegiales,Entire home/apt,1.0,"$69,562.00",5,2025-03-24,4.8
2605024,-34.6422,-58.49973,Villa Luro,Private room,,"$33,977.00",0,,
666219766,-34.6057335,-58.3906921,San Nicolas,Entire home/apt,1.0,"$77,934.00",0,,
1434365,-34.58168,-58.42633,Palermo,Entire home/apt,1.0,"$80,036.00",82,2026-05-04,4.82
542312198,-34.58591,-58.42398,Palermo,Entire home/apt,1.0,,3,2024-03-20,5.0
5164513,-34.57403,-58.4409,Palermo,Entire home/apt,2.0,"$277,679.50",10,2026-03-27,4.8
373629,-34.58232,-58.40299,Palermo,Entire home/apt,3.0,"$364,534.33",5,2026-05-20,4.8
285093758,-34.59787,-58.37892,Retiro,Entire home/apt,,"$56,578.50",329,2026-07-16,4.84
98199736,-34.56308,-58.44101,Palermo,Entire home/apt,1.0,"$84,289.50",54,2026-06-15,4.81
483433340,-34.573118,-58.4230651,Palermo,Entire home/apt,1.0,"$102,734.00",230,2026-07-13,4.93
9944323,-34.5905601,-58.42522260000001,Palermo,Entire home/apt,1.0,"$119,608.00",75,2026-06-14,4.79
541121513,-34.59547,-58.37321,Retiro,Entire home/apt,2.0,"$148,890.00",9,2025-03-02,4.78
549822433,-34.62114416204078,-58.402598587937945,San Cristobal,Entire home/apt,1.0,"$144,423.00",5,2024-12-02,5.0
101594319,-34.60388,-58.45687,Villa Crespo,Entire home/apt,1.0,"$57,293.00",4,2023-04-08,3.75
34139230,-34.59354,-58.37833,Retiro,Entire home/apt,1.0,"$72,625.86",59,2026-05-03,4.8
202727969,-34.5924821,-58.4325718,Palermo,Entire home/apt,,"$138,948.00",17,2026-07-13,4.76
74885919,-34.58199,-58.43675,Palermo,Entire home/apt,,"$136,463.00",269,2026-06-20,4.88
48164656,-34.5725476,-58.4700509,Villa Urquiza,Entire home/apt,3.0,"$336,420.50",0,,
55553719,-34.61935,-58.39152,Constitucion,Entire home/apt,,"$94,019.00",3,2026-06-13,3.33
669358584,-34.61963,-58.44824,Caballito,Private room,,"$30,266.28",0,,
93165244,-34.5906803,-58.4019111,Recoleta,Entire home/apt,,"$47,965.67",0,,
109683691,-34.5846398,-58.4197095,Palermo,Entire home/apt,1.0,"$147,401.00",6,2026-06-18,4.83
24231645,-34.56451,-58.46341,Belgrano,Entire home/apt,2.0,"$141,446.00",102,2026-07-19,4.91
575780527,-34.5869128,-58.42568610000001,Palermo,Entire home/apt,1.0,"$87,738.04",62,2026-07-05,4.85
2476786,-34.56732,-58.43623,Palermo,Entire home/apt,1.0,,4,2026-04-04,5.0
700376405,-34.55655,-58.44898,Belgrano,Entire home/apt,1.0,"$208,446.00",14,2026-07-12,5.0
191225127,-34.5848,-58.41472,Palermo,Entire home/apt,1.0,,96,2025-08-23,4.89
218791143,-34.6035231,-58.4100736,Balvanera,Private room,,,3,2026-02-28,5.0
408551,-34.60003,-58.38544,San Nicolas,Entire home/apt,,"$81,733.90",6,2026-06-25,5.0
141718868,-34.59408,-58.38535,Retiro,Entire home/apt,1.0,"$161,485.46",42,2026-07-11,4.93
43760019,-34.54901,-58.45621,Nuñez,Entire home/apt,2.0,"$154,419.86",0,,
108297439,-34.58474,-58.42721,Palermo,Entire home/apt,1.0,"$89,868.67",67,2026-07-13,4.88
3469227,-34.5923691,-58.398757,Recoleta,Entire home/apt,,"$104,213.00",0,,
287853027,-34.59105,-58.39358,Recoleta,Entire home/apt,1.0,"$88,962.00",131,2026-07-20,4.6
51091359,-34.58074,-58.40582,Palermo,Entire home/apt,1.0,"$195,293.00",3,2026-07-12,5.0
254410030,-34.63169,-58.45244,Parque Chacabuco,Entire home/apt,1.0,"$83,686.33",5,2026-06-07,4.6
29937970,-34.5828896,-58.427457,Palermo,Entire home/apt,1.0,"$182,621.00",5,2023-11-10,3.4
653637093,-34.60787,-58.38365,San Nicolas,Private room,,"$29,033.50",37,2026-06-26,4.65
118449485,-34.59804,-58.38386,Retiro,Entire home/apt,2.0,"$144,423.00",0,,
584445440,-34.60847,-58.37561,Monserrat,Entire home/apt,1.0,"$47,099.92",173,2026-07-20,4.7
213918330,-34.62841,-58.44159,Caballito,Entire home/apt,1.0,"$74,941.33",195,2026-07-13,4.78
8268785,-34.58522,-58.39437,Recoleta,Entire home/apt,2.0,"$188,833.33",116,2026-07-03,4.92
157833617,-34.57735,-58.43912,Palermo,Entire home/apt,1.0,"$111,952.92",4,2023-04-09,5.0
212263727,-34.55569,-58.46532,Nuñez,Entire home/apt,,"$112,907.00",36,2026-07-11,5.0
38149783,-34.6087475,-58.38840099999999,San Nicolas,Entire home/apt,1.0,"$106,018.00",85,2026-07-20,4.94
48793301,-34.58158,-58.42112,Palermo,Entire home/apt,1.0,"$63,425.52",24,2026-04-21,4.96
60115955,-34.60294,-58.44393,Villa Crespo,Private room,,"$30,582.00",31,2026-04-22,4.32
5555253,-34.58835,-58.40045,Recoleta,Entire home/apt,2.0,"$217,323.00",99,2026-07-13,4.66
5222671,-34.5829,-58.40773,Palermo,Entire home/apt,1.0,"$94,701.00",44,2026-05-28,4.68
15783967,-34.5938,-58.39571,Recoleta,Entire home/apt,1.0,"$118,933.00",6,2024-05-01,4.83
115089957,-34.6011579,-58.4163773,Almagro,Entire home/apt,2.0,"$89,033.00",8,2024-04-27,5.0
158036622,-34.5649638,-58.49407429999999,Villa Urquiza,Entire home/apt,1.0,"$130,278.50",52,2026-06-28,5.0
41319223,-34.59013,-58.39377,Recoleta,Entire home/apt,,"$94,838.00",32,2026-03-19,4.94
106913306,-34.54523,-58.46689,Nuñez,Entire home/apt,1.0,"$51,441.40",6,2026-04-12,5.0
51591898,-34.5899906,-58.4239921,Palermo,Entire home/apt,,"$82,882.00",69,2026-07-15,5.0
26414327,-34.58556,-58.41934,Palermo,Entire home/apt,1.0,,133,2025-03-09,4.96
523295467,-34.5668584,-58.4579495,Belgrano,Private room,,"$67,969.00",6,2025-11-09,5.0
598904923,-34.6242373,-58.42168290000001,Boedo,Entire home/apt,1.0,"$136,978.41",42,2026-07-11,4.98
128733042,-34.57750763475193,-58.43906726931151,Palermo,Entire home/apt,1.0,"$134,652.01",56,2026-06-21,4.86
67086449,-34.59147,-58.39418,Recoleta,Entire home/apt,1.0,"$150,786.57",70,2026-03-01,4.87
33528670,-34.60701,-58.41529,Almagro,Entire home/apt,2.0,"$107,200.67",104,2026-07-11,4.88
487984889,-34.616414979897975,-58.37938126176596,Monserrat,Private room,,"$43,582.00",150,2026-06-26,4.8
486924785,-34.60566,-58.4479,Villa Crespo,Entire home/apt,1.0,"$84,953.60",24,2026-05-07,4.92
257569709,-34.6049378,-58.42479729999999,Almagro,Entire home/apt,1.0,"$61,996.00",7,2025-12-06,4.86
134231947,-34.59748,-58.37515,Retiro,Entire home/apt,1.0,"$65,511.67",41,2026-04-03,4.73
48064803,-34.58015,-58.40779,Palermo,Entire home/apt,1.0,"$144,422.89",74,2026-06-26,4.82
16133446,-34.62446,-58.37208,San Telmo,Entire home/apt,1.0,"$58,820.96",7,2023-12-07,4.29
479827,-34.5693684,-58.4332674,Palermo,Entire home/apt,,,16,2025-05-27,5.0
10767154,-34.61748,-58.37191,San Telmo,Entire home/apt,2.0,"$70,911.20",43,2026-07-13,4.77
35878295,-34.60734,-58.37761,San Nicolas,Entire home/apt,1.0,"$89,714.33",98,2026-04-13,4.83
190765508,-34.59631,-58.39119,Recoleta,Entire home/apt,1.0,"$100,523.33",2,2026-01-12,5.0
123947553,-34.59739,-58.3788,Retiro,Entire home/apt,1.0,"$43,949.96",48,2026-07-15,4.71
744016307,-34.5463259,-58.46946109999999,Nuñez,Entire home/apt,1.0,"$86,008.00",6,2026-07-23,5.0
8386677,-34.59312,-58.39909,Recoleta,Entire home/apt,1.0,"$69,560.67",6,2024-06-01,5.0
208572380,-34.617813,-58.373119,San Telmo,Entire home/apt,1.0,"$72,211.50",82,2026-06-14,4.93
13834947,-34.5882671,-58.39553219999999,Recoleta,Entire home/apt,1.0,"$203,234.27",22,2026-06-29,4.86
110780550,-34.59012,-58.43393,Palermo,Private room,,"$47,778.00",408,2026-07-11,4.89
72557975,-34.60657,-58.38323,San Nicolas,Entire home/apt,1.0,,0,,
725350312,-34.577146,-58.4320232,Palermo,Private room,,"$194,381.00",0,,
347048,-34.60436,-58.3797,San Nicolas,Entire home/apt,2.0,"$124,680.00",179,2026-07-20,4.9
220409424,-34.5562,-58.48331,Saavedra,Entire home/apt,,"$100,247.50",4,2024-12-08,4.25
28043211,-34.55197,-58.44924,Belgrano,Entire home/apt,1.0,,72,2026-06-07,4.78
58318722,-34.60339,-58.4086,Balvanera,Entire home/apt,1.0,"$78,254.80",22,2025-07-28,4.82
740183862,-34.590622,-58.3944202,Recoleta,Entire home/apt,2.0,"$325,324.00",16,2026-07-12,4.94
1318605,-34.59117,-58.44092,Villa Crespo,Entire home/apt,1.0,"$37,327.07",17,2025-11-30,4.59
547527441,-34.61673,-58.38252,Monserrat,Shared room,1.0,"$59,556.00",3,2026-04-19,4.33
216975304,-34.59521,-58.42995,Villa Crespo,Entire home/apt,1.0,"$68,252.67",0,,
75740307,-34.61548,-58.37195,Monserrat,Entire home/apt,2.0,"$149,524.00",8,2026-07-23,3.75
14481268,-34.54923,-58.46605,Nuñez,Entire home/apt,1.0,"$133,256.50",27,2026-07-18,4.96
39645251,-34.58639,-58.41249,Palermo,Entire home/apt,1.0,"$139,992.50",34,2023-03-19,4.94
328159108,-34.60680389404297,-58.392459869384766,Balvanera,Entire home/apt,1.0,"$78,656.04",7,2026-07-20,4.14
455365425,-34.6106858,-58.4411498,Caballito,Entire home/apt,1.0,"$78,351.67",55,2026-04-19,4.76
432504035,-34.5984086,-58.37323000000001,Retiro,Entire home/apt,2.0,"$156,334.33",4,2026-07-20,5.0
76511994,-34.56132,-58.46618,Belgrano,Entire home/apt,2.0,,1,2025-04-19,5.0
548547938,-34.59811,-58.37223,Retiro,Entire home/apt,1.0,"$131,589.00",27,2026-05-01,4.89
172918893,-34.56881,-58.44981,Colegiales,Entire home/apt,1.0,,72,2025-12-20,4.96
523295467,-34.5668584,-58.4579495,Belgrano,Private room,,"$67,969.00",6,2025-11-09,5.0
109683691,-34.5846398,-58.4197095,Palermo,Entire home/apt,1.0,"$147,401.00",6,2026-06-18,4.83
5405916,-34.58141,-58.44047,Palermo,Entire home/apt,,"$101,078.00",161,2026-07-20,4.88
2992795,-34.6036216,-58.37675369999999,San Nicolas,Entire home/apt,1.0,"$82,402.93",8,2026-05-03,4.88
520004669,-34.62475,-58.47321,Flores,Entire home/apt,1.0,"$138,127.50",6,2026-02-15,4.83
450612472,-34.5983108,-58.3725839,Retiro,Entire home/apt,1.0,"$96,034.00",26,2026-03-19,4.69
300552800,-34.56511,-58.45977,Belgrano,Entire home/apt,1.0,"$92,177.75",40,2026-06-07,4.68
678997,-34.57597,-58.42313,Palermo,Entire home/apt,1.0,"$71,466.99",69,2026-06-05,4.77
14450833,-34.5832374,-58.4043472,Palermo,Entire home/apt,3.0,"$79,605.86",0,,
408029626,-34.56894093072463,-58.44884913414716,Colegiales,Entire home/apt,,,39,2026-03-29,4.77
155159631,-34.54829,-58.47934,Saavedra,Entire home/apt,1.0,"$237,873.50",4,2026-06-14,5.0
16133446,-34.58288,-58.42221,Palermo,Entire home/apt,,"$55,162.00",10,2026-07-04,5.0
55553719,-34.577741,-58.43886200000001,Palermo,Entire home/apt,,"$119,442.60",0,,
520859300,-34.5966362,-58.40754909999999,Recoleta,Entire home/apt,1.0,"$79,546.67",77,2026-07-21,4.95
35878295,-34.60734,-58.37761,San Nicolas,Entire home/apt,1.0,"$89,714.33",98,2026-04-13,4.83
465391183,-34.6106772,-58.41698599999999,Almagro,Entire home/apt,1.0,"$74,445.00",28,2026-06-28,4.68
43760019,-34.54901,-58.45621,Nuñez,Entire home/apt,2.0,"$154,419.86",0,,
